,t+1 actual,t+1 predicted,t+2 actual,t+2 predicted,t+3 actual,t+3 predicted,t+4 actual,t+4 predicted,t+5 actual,t+5 predicted,t+6 actual,t+6 predicted,t+7 actual,t+7 predicted,t+8 actual,t+8 predicted,t+9 actual,t+9 predicted,t+10 actual,t+10 predicted,t+11 actual,t+11 predicted,t+12 actual,t+12 predicted,t+13 actual,t+13 predicted,t+14 actual,t+14 predicted
0,0.75312,0.7535906106667267,0.75524,0.7533929113441287,0.75723,0.7530693080942752,0.76215,0.753236641629776,0.76184,0.7531367036598409,0.75823,0.7531144497596711,0.75237,0.75312458725228,0.75734,0.7529945645800422,0.75937,0.7530209534796837,0.75787,0.7532891200734253,0.76044,0.7533241584186567,0.76847,0.7535485702118263,0.76943,0.7536018475528932,0.76687,0.7534041439374801
1,0.75524,0.7531991337151895,0.75723,0.752996588328334,0.76215,0.7527031021296908,0.76184,0.7528585320966714,0.75823,0.7527519822967053,0.75237,0.7527442531960888,0.75734,0.7528117064308946,0.75937,0.7527630191094987,0.75787,0.7528328884278936,0.76044,0.7530490588020813,0.76847,0.7530603660604003,0.76943,0.7533127087268996,0.76687,0.7534082919197873,0.77542,0.7532299541241274
2,0.75723,0.7553473541207006,0.76215,0.7551631677502394,0.76184,0.7548498447882105,0.75823,0.7550019534260594,0.75237,0.754892042381058,0.75734,0.7548699238991924,0.75937,0.7549257694204664,0.75787,0.754817425813186,0.76044,0.754855255426761,0.76847,0.7550730975831778,0.76943,0.7550950153504766,0.76687,0.755342524569229,0.77542,0.7554241693629103,0.78039,0.755240627249392
3,0.76215,0.757329200879049,0.76184,0.7571396939645824,0.75823,0.7568527708252263,0.75237,0.7570030156828765,0.75734,0.7568883379106596,0.75937,0.7568648621989454,0.75787,0.756937989174567,0.76044,0.7568573220222065,0.76847,0.7568988986739172,0.76943,0.757116074090682,0.76687,0.7571316210549598,0.77542,0.7573725161808583,0.78039,0.7574572890251333,0.77618,0.757274539976443
4,0.76184,0.7622324727248982,0.75823,0.7620577369502629,0.75237,0.7617411123914993,0.75734,0.7618897066836129,0.75937,0.7617815169410082,0.75787,0.761756150402542,0.76044,0.7617438390038646,0.76847,0.7615902426364104,0.76943,0.7615986067844264,0.76687,0.7618181487646128,0.77542,0.7618356744783145,0.78039,0.7620997400513064,0.77618,0.7621618987682072,0.77592,0.7619395747528673
5,0.75823,0.761932311638582,0.75237,0.7617352416717657,0.75734,0.7614377711878367,0.75937,0.7615923775164154,0.75787,0.7614793010296742,0.76044,0.7614550193655921,0.76847,0.7615324605839012,0.76943,0.7614566528835601,0.76687,0.7615015579366334,0.77542,0.7617340302393748,0.78039,0.7617480140632941,0.77618,0.7619752984772893,0.77592,0.7620604121419708,0.76969,0.7618838878641944
6,0.75237,0.7583420806846302,0.75734,0.7581476400306169,0.75937,0.7578699289811961,0.75787,0.7580217251021135,0.76044,0.7579018718102783,0.76847,0.7578896738510561,0.76943,0.75798561681822,0.76687,0.7579444917924743,0.77542,0.7580132729550282,0.78039,0.7582249474276945,0.77618,0.7582310688086149,0.77592,0.7584683020323577,0.76969,0.7585679480835974,0.77698,0.7583941802004996
7,0.75734,0.7524835116908699,0.75937,0.7522938140298985,0.75787,0.751997638637321,0.76044,0.7521475964729953,0.76847,0.7520143823183654,0.76943,0.751997444156431,0.76687,0.7520826007710903,0.77542,0.7520232258828665,0.78039,0.752078909455876,0.77618,0.7522978117193171,0.77592,0.7523045260680457,0.76969,0.7525257193559165,0.77698,0.7526238436988288,0.77329,0.7524418990800124
8,0.75937,0.7574526362549258,0.75787,0.7572831674586958,0.76044,0.7569937324841484,0.76847,0.75714326815421,0.76943,0.7570027420841833,0.76687,0.7570052877214274,0.77542,0.7570301822012205,0.78039,0.7568757788718593,0.77618,0.7569337332566882,0.77592,0.7571589694449593,0.76969,0.7571750654166188,0.77698,0.7574104358642452,0.77329,0.757490369461835,0.77773,0.7572678170396338
9,0.75787,0.7594654457573243,0.76044,0.7592695281275711,0.76847,0.7589644331967621,0.76943,0.7591178515797411,0.76687,0.7590214256854425,0.77542,0.7589943441637489,0.78039,0.7590591354894615,0.77618,0.7589549007173092,0.77592,0.7589710305439995,0.76969,0.7591829508567217,0.77698,0.7592116138514585,0.77329,0.7594538977975945,0.77773,0.7595299405986781,0.77061,0.7593498241515236
10,0.76044,0.7579777545675799,0.76847,0.7577830943688215,0.76943,0.7575072640380287,0.76687,0.7576588284779038,0.77542,0.7575399557159446,0.78039,0.7575193122016546,0.77618,0.7576135348850559,0.77592,0.7575614918774565,0.76969,0.7576222766898328,0.77698,0.7578362424488634,0.77329,0.7578404911938352,0.77773,0.758081204668176,0.77061,0.75817487758022,0.76781,0.7579979740649807
11,0.76847,0.7605608486210089,0.76943,0.7603826454887725,0.76687,0.7600893439830374,0.77542,0.7602356439765403,0.78039,0.7601149867568724,0.77618,0.7600965529108921,0.77592,0.7601589700916351,0.76969,0.7600469850494678,0.77698,0.7600877954191505,0.77329,0.7603026899105148,0.77773,0.7603170312331544,0.77061,0.7605585069513667,0.76781,0.7606438876655206,0.76944,0.7604490869971245
12,0.76943,0.7685249564501853,0.76687,0.7683524174617766,0.77542,0.7680081075932528,0.78039,0.7681632965368614,0.77618,0.7680514618232543,0.77592,0.7680221958971949,0.76969,0.767918277949341,0.77698,0.7676845523774525,0.77329,0.7676550532551325,0.77773,0.7678789683332277,0.77061,0.7679004027823091,0.76781,0.7681872755138308,0.76944,0.7682263671095122,0.77473,0.7679474125407275
13,0.76687,0.7694798587469337,0.77542,0.7692863114641001,0.78039,0.7689733318690629,0.77618,0.7691385562936263,0.77592,0.7690357914322591,0.76969,0.7690093930738727,0.77698,0.7690428197690268,0.77329,0.7689358316217182,0.77773,0.768973767347859,0.77061,0.769230388888616,0.76781,0.7692542510446289,0.76944,0.7694804930176248,0.77473,0.7695429498596128,0.77628,0.7693609547165466
14,0.77542,0.7669602222309378,0.78039,0.76676199690026,0.77618,0.7664792106375727,0.77592,0.7666365943446919,0.76969,0.7665215224411269,0.77698,0.7665087307564874,0.77329,0.7665878806388547,0.77773,0.7665476386196871,0.77061,0.7666203600989149,0.76781,0.7668349913315807,0.76944,0.7668390654963161,0.77473,0.7670820432050106,0.77628,0.7671802658242824,0.7713,0.7670079767068102
15,0.78039,0.7754800041275902,0.77618,0.7753143460414011,0.77592,0.7749506117525615,0.76969,0.7751060257997469,0.77698,0.774989973868347,0.77329,0.7749696461651783,0.77773,0.7748247240052168,0.77061,0.7745436299847515,0.76781,0.7745075309067633,0.76944,0.7747312092543015,0.77473,0.7747520247122028,0.77628,0.7750445054899191,0.7713,0.775074373874364,0.77144,0.7747771519953548
16,0.77618,0.7804031675142257,0.77592,0.7802161395912778,0.76969,0.7798839927664746,0.77698,0.7800612523816314,0.77329,0.7799663497090593,0.77773,0.7799315315634091,0.77061,0.7798943114822693,0.76781,0.7797232434160039,0.76944,0.7797327712661287,0.77473,0.7799964975466652,0.77628,0.780031986619281,0.7713,0.780271300665038,0.77144,0.780295781304733,0.77457,0.7800835220633532
17,0.77592,0.77624918489089,0.76969,0.7760551846069353,0.77698,0.7757629745239462,0.77329,0.7759308914311766,0.77773,0.7758088186157471,0.77061,0.7757930552717659,0.76781,0.7758414057017723,0.76944,0.7757855550182063,0.77473,0.7758546542637993,0.77628,0.7760813810775068,0.7713,0.7760784566070703,0.77144,0.7763239110371848,0.77457,0.7764175025967467,0.76615,0.7762414121115632
18,0.76969,0.7760453470400116,0.77698,0.7758613913319586,0.77329,0.7755624855635269,0.77773,0.7757067944184691,0.77061,0.7755999083455699,0.76781,0.7755918154307019,0.76944,0.7756831205205835,0.77473,0.775605150653022,0.77628,0.7756669682948577,0.7713,0.775888264668496,0.77144,0.7759131366619422,0.77457,0.7761557823977946,0.76615,0.7762464785991633,0.7676,0.7760673328229623
19,0.77698,0.7697882794663287,0.77329,0.7695870678207115,0.77773,0.769284360946503,0.77061,0.7694316816404438,0.76781,0.7692886139183515,0.76944,0.7692656485568563,0.77473,0.769344375757018,0.77628,0.7692877625785599,0.7713,0.7693294794525258,0.77144,0.769551320024138,0.77457,0.7695497080663103,0.76615,0.7697689486326766,0.7676,0.7698718563792994,0.76419,0.7696815945551265
20,0.77329,0.7770715731507121,0.77773,0.776899836569461,0.77061,0.7765870797933498,0.76781,0.7767360901974794,0.76944,0.7765910353968106,0.77473,0.7766004207527626,0.77628,0.7765523445899785,0.7713,0.7763292451903876,0.77144,0.7763596087674127,0.77457,0.7766004548824608,0.76615,0.7766150852352407,0.7676,0.7768486734952571,0.76419,0.7769034303513731,0.76256,0.7766387635805554
21,0.77773,0.7733753855162859,0.77061,0.7731765869274596,0.76781,0.7728692997506215,0.76944,0.7730191709296406,0.77473,0.7729101759931865,0.77628,0.7728908513062407,0.7713,0.772954457196559,0.77144,0.7728338302885305,0.77457,0.7728510038095038,0.76615,0.7730889613839309,0.7676,0.7731110110334185,0.76419,0.7733174549220194,0.76256,0.7733910935138766,0.76065,0.7731864026362956
22,0.77061,0.777839454143967,0.76781,0.7776522155092866,0.76944,0.777361703227351,0.77473,0.7774999702289538,0.77628,0.77737260415436,0.7713,0.7773611762697588,0.77144,0.7774162598018197,0.77457,0.7772813400172058,0.76615,0.7773236089289899,0.7676,0.7775449932253,0.76419,0.7775401400306041,0.76256,0.7777766772071377,0.76065,0.7778738139406673,0.76199,0.7776442232227314
23,0.76781,0.7706820547322999,0.76944,0.7704803271776322,0.77473,0.7701617604911584,0.77628,0.7703048755797348,0.7713,0.7701585888575786,0.77144,0.7701479396377757,0.77457,0.7701933578204838,0.76615,0.7701113369762091,0.7676,0.7701439766710458,0.76419,0.7703963387789039,0.76256,0.7703928498901527,0.76065,0.7705884988333431,0.76199,0.7706820641194221,0.76019,0.7704735708700476
24,0.76944,0.7679402683958784,0.77473,0.7677409549020836,0.77628,0.7674630495845945,0.7713,0.7675976567067578,0.77144,0.7674960623723478,0.77457,0.7675053507106809,0.76615,0.7676234052839305,0.7676,0.7675688221413025,0.76419,0.7676270683356875,0.76256,0.7678536198133684,0.76065,0.767867432088397,0.76199,0.7680927150174198,0.76019,0.7681865978844967,0.76726,0.7680018013667819
25,0.77473,0.7695590333350678,0.77628,0.7693678834511642,0.7713,0.7690595755738882,0.77144,0.7692076751736435,0.77457,0.7690961701700557,0.76615,0.7690777292500256,0.7676,0.7691554178072378,0.76419,0.7690578292221885,0.76256,0.7691005695760081,0.76065,0.7692968478604284,0.76199,0.7693294291911711,0.76019,0.76958794964045,0.76726,0.7696775058884354,0.77039,0.7694990392355662
26,0.77628,0.7748114067971078,0.7713,0.7746380562920426,0.77144,0.7743212318772753,0.77457,0.7744719774808805,0.76615,0.7743524718343001,0.7676,0.7743287379134022,0.76419,0.774310999610771,0.76256,0.7741476919062739,0.76065,0.774156900155413,0.76199,0.7743838182249424,0.76019,0.7744007833097389,0.76726,0.7746615950162782,0.77039,0.7747249421953716,0.7736,0.7744939626717501
27,0.7713,0.7763591486163507,0.77144,0.776162026859268,0.77457,0.7758583773410949,0.76615,0.776014788601927,0.7676,0.7759082052015885,0.76419,0.7758820195740129,0.76256,0.7759409034551511,0.76065,0.77585555041874,0.76199,0.7758915326594008,0.76019,0.776125249005375,0.76726,0.7761446650401497,0.77039,0.7763737624627113,0.7736,0.7764511672939564,0.77221,0.7762742978884064
28,0.77144,0.7713994060319499,0.77457,0.7712079370390973,0.76615,0.7709306358007132,0.7676,0.7710872153253411,0.76419,0.7709587118293973,0.76256,0.7709435058292263,0.76065,0.7710247289520601,0.76199,0.770973570973755,0.76019,0.7710428801671049,0.76726,0.7712581308893539,0.77039,0.771257265257251,0.7736,0.7714886398071633,0.77221,0.7715846944457246,0.77538,0.7714020954709361
29,0.77457,0.7715740816234006,0.76615,0.7713890526679438,0.7676,0.7710976066187117,0.76419,0.7712436511824466,0.76256,0.7711300638434454,0.76065,0.7711207177885785,0.76199,0.7712206298779324,0.76019,0.7711424667318328,0.76726,0.7712021512557089,0.77039,0.7714200530313223,0.7736,0.7714422891363187,0.77221,0.7716807153697277,0.77538,0.7717694742600701,0.77559,0.7715923562496004
30,0.76615,0.7746775319887604,0.7676,0.7744951667031785,0.76419,0.7741930479882797,0.76256,0.7743435358920181,0.76065,0.77422396051266,0.76199,0.7741959452000231,0.76019,0.7742449739930237,0.76726,0.7741256176636455,0.77039,0.774150640995191,0.7736,0.7743608988680137,0.77221,0.7743791663601371,0.77538,0.7746309910948697,0.77559,0.7747127859624527,0.77804,0.7745178246118087
31,0.7676,0.7661754371698247,0.76419,0.7659692556668073,0.76256,0.7656298292464111,0.76065,0.7657953457279131,0.76199,0.7656338222337421,0.76019,0.7656166374859662,0.76726,0.7655913715012342,0.77039,0.7655147146529838,0.7736,0.7655535167128459,0.77221,0.7658093044870679,0.77538,0.7658063282236366,0.77559,0.7660168910463948,0.77804,0.7660906534386708,0.77499,0.7658665452130048
32,0.76419,0.7677141620086855,0.76256,0.7675101775392773,0.76065,0.7672130084837204,0.76199,0.7673480804813676,0.76019,0.7672478398388717,0.76726,0.7672837786238756,0.77039,0.7673621235670521,0.7736,0.7672516140017774,0.77221,0.7673124879992043,0.77538,0.7675596675297652,0.77559,0.7675914492254902,0.77804,0.767800427184609,0.77499,0.767874844442174,0.77535,0.7676835854043543
33,0.76256,0.7643086212684843,0.76065,0.7641133016496874,0.76199,0.7637994951275154,0.76019,0.7639411266628863,0.76726,0.7638296476781229,0.77039,0.7638170070778337,0.7736,0.7639081004446248,0.77221,0.763827669011463,0.77538,0.7638691908388332,0.77559,0.7640764591225356,0.77804,0.7641019922986211,0.77499,0.7643407040260549,0.77535,0.7644372333917467,0.77679,0.764255236982664
34,0.76065,0.7626868621708732,0.76199,0.7624954060710175,0.76019,0.7622125228052633,0.76726,0.7623564673384559,0.77039,0.7622382072485075,0.7736,0.7622283094077525,0.77221,0.762334980869006,0.77538,0.762281418426816,0.77559,0.7623435005933666,0.77804,0.7625601552989488,0.77499,0.7625722872042994,0.77535,0.7628129087105359,0.77679,0.762916235603249,0.78666,0.7627432653397287
35,0.76199,0.7607864726922475,0.76019,0.7605967318266398,0.76726,0.760308777131117,0.77039,0.7604542314982741,0.7736,0.7603364559943788,0.77221,0.7603172455054068,0.77538,0.7604286927960988,0.77559,0.7603704543251428,0.77804,0.760425602533191,0.77499,0.7606333041001694,0.77535,0.7606486345446815,0.77679,0.7608902032350802,0.78666,0.7609893947645237,0.79149,0.7608222308752506
36,0.76019,0.7621192502129217,0.76726,0.7619348983580805,0.77039,0.7616513079274538,0.7736,0.7617961822116142,0.77221,0.761673108908357,0.77538,0.761652626078134,0.77559,0.7617429374977602,0.77804,0.7616575344391405,0.77499,0.7617041357798682,0.77535,0.7619155897037073,0.77679,0.7619289401355074,0.78666,0.7621690487594917,0.79149,0.7622634455129029,0.79112,0.7620812399054868
37,0.76726,0.7603182727171202,0.77039,0.7601255397303589,0.7736,0.759840437181117,0.77221,0.7599878594328743,0.77538,0.7598676261541527,0.77559,0.7598450998966996,0.77804,0.7599516743403342,0.77499,0.75988982829316,0.77535,0.7599414752885764,0.77679,0.76015333596755,0.78666,0.7601672126675453,0.79149,0.7604040578208128,0.79112,0.7605017291626041,0.79653,0.7603302326006428
38,0.77039,0.7673418196276669,0.7736,0.7671760920560826,0.77221,0.7668448636026495,0.77538,0.7669921074915818,0.77559,0.7668653528302583,0.77804,0.7668440483843495,0.77499,0.7667639762234228,0.77535,0.7665401896096353,0.77679,0.7665245179772808,0.78666,0.7667492043941946,0.79149,0.7667583178994517,0.79112,0.7670320111941817,0.79653,0.7670824290511644,0.7876,0.7668032503828852
39,0.7736,0.7704424794777448,0.77221,0.770248137616684,0.77538,0.7699294509351172,0.77559,0.7700992642188363,0.77804,0.7700001238612028,0.77499,0.7699673279188143,0.77535,0.7699843508602068,0.77679,0.7698516705571389,0.78666,0.7698729956085596,0.79149,0.770117576137957,0.79112,0.7701470289142459,0.79653,0.7703833758535917,0.7876,0.7704333543555119,0.76937,0.7702421541801893
40,0.77221,0.773679586461652,0.77538,0.7734953541071387,0.77559,0.7732192337566753,0.77804,0.7733706337162526,0.77499,0.7732609571317094,0.77535,0.773242343906089,0.77679,0.7732999913219042,0.78666,0.7732127555441489,0.79149,0.7732598414636537,0.79112,0.7734749848218722,0.79653,0.7734799238046558,0.7876,0.7737271202445423,0.76937,0.77380620140549,0.77704,0.7736086898025983
41,0.77538,0.7723351295034308,0.77559,0.7721374226138368,0.77804,0.7718402158979233,0.77499,0.7719899130069324,0.77535,0.7718762498742807,0.77679,0.7718538064863468,0.78666,0.7719573236235237,0.79149,0.7718870504603773,0.79112,0.7719379013605293,0.79653,0.7721558066722581,0.7876,0.7721685522618872,0.76937,0.7724027329885802,0.77704,0.7724949769171007,0.78159,0.7723208381493395
42,0.77559,0.7754947900911746,0.77804,0.7753193307225545,0.77499,0.775036111918739,0.77535,0.7751791797572467,0.77679,0.7750517459725914,0.78666,0.7750349492934718,0.79149,0.7750913670651742,0.79112,0.7749747484385396,0.79653,0.7750106806569919,0.7876,0.7752260693313973,0.76937,0.7752340502101605,0.77704,0.7754759860017246,0.78159,0.7755625642730182,0.77768,0.7753526281430412
43,0.77804,0.775702633984827,0.77499,0.775503954648946,0.77535,0.77520519792123,0.77679,0.7753563934846059,0.78666,0.775246499370758,0.79149,0.7752204880714888,0.79112,0.7753090006270102,0.79653,0.7752324951114022,0.7876,0.7752713459310943,0.76937,0.7754870324832044,0.77704,0.7755071597246459,0.78159,0.7757471849807078,0.77768,0.7758357953105477,0.77208,0.7756658351106924
44,0.77499,0.7781511693782149,0.77535,0.7779710597559087,0.77679,0.777696206673535,0.78666,0.7778409561459184,0.79149,0.7777231149546778,0.79112,0.7777038064385479,0.79653,0.7777794854271988,0.7876,0.7776854435367923,0.76937,0.77772917503611,0.77704,0.7779416183301137,0.78159,0.7779512586092451,0.77768,0.7781926921269032,0.77208,0.7782780538944635,0.76926,0.7780822883613282
45,0.77535,0.7751185187900066,0.77679,0.7749210529237845,0.78666,0.7746317283691698,0.79149,0.7747788057550881,0.79112,0.774657452990252,0.79653,0.7746362258550309,0.7876,0.7747423377005563,0.76937,0.7746783282128692,0.77704,0.7747299767253227,0.78159,0.7749466455753665,0.77768,0.7749572034764444,0.77208,0.7751880067909244,0.76926,0.775286030325444,0.76436,0.7751105381131512
46,0.77679,0.775486513626785,0.78666,0.7752995556839974,0.79149,0.7750193669090746,0.79112,0.7751661590629024,0.79653,0.7750431029309053,0.7876,0.7750293835180142,0.76937,0.7751376024590368,0.77704,0.7750688919314794,0.78159,0.7751300099899905,0.77768,0.7753403891384747,0.77208,0.7753543479494707,0.76926,0.7755951066511639,0.76436,0.7756925920413065,0.77145,0.7755146309365242
47,0.78666,0.7769152229849342,0.79149,0.7767263027163781,0.79112,0.7764378005195968,0.79653,0.7765835009741923,0.7876,0.776468175408917,0.76937,0.7764447926712083,0.77704,0.7765382480539474,0.78159,0.7764580308686336,0.77768,0.7764988129384792,0.77208,0.7767070188020798,0.76926,0.7767251597161876,0.76436,0.7769676690132828,0.77145,0.7770606746836338,0.77309,0.7768857572574407
48,0.79149,0.7867010309294239,0.79112,0.7865395488791075,0.79653,0.7861751390030515,0.7876,0.7863227456857823,0.76937,0.7862144879784575,0.77704,0.7861899652873655,0.78159,0.7860120082280156,0.77768,0.7857284107251582,0.77208,0.7856705881151976,0.76926,0.7858959109601239,0.76436,0.7859153704505554,0.77145,0.7862238570544543,0.77309,0.7862435568151961,0.77847,0.7859253840199637
49,0.79112,0.7914956309886532,0.79653,0.7913034202264737,0.7876,0.7909669081181403,0.76937,0.7911448675785562,0.77704,0.7910571520168799,0.78159,0.7910272574990143,0.77768,0.7909883524989039,0.77208,0.7908198495714953,0.76926,0.7908350486376787,0.76436,0.7911032359533476,0.77145,0.7911427239541138,0.77309,0.7913803586360939,0.77847,0.7914060855945775,0.77637,0.7911939956356275
50,0.79653,0.791184830230258,0.7876,0.7909857671167166,0.76937,0.7906829576515058,0.77704,0.7908457222785266,0.78159,0.7907379782101536,0.77768,0.7907252213909934,0.77208,0.7907729538411779,0.76926,0.790720790572913,0.76436,0.7907848618480322,0.77145,0.7910059012785033,0.77309,0.7910109494056534,0.77847,0.7912696032377873,0.77637,0.7913636695317556,0.77436,0.7911895623416505
51,0.7876,0.7966192646930879,0.76937,0.7964490773523878,0.77704,0.7961167294201161,0.78159,0.7962667398173082,0.77768,0.7961461866874899,0.77208,0.7961239802847715,0.76926,0.7960981140062515,0.76436,0.7959138419832172,0.77145,0.7959242028177116,0.77309,0.7961549657069711,0.77847,0.7961685430176815,0.77637,0.7964239846600478,0.77436,0.7964903813166686,0.77456,0.7962505792724344
52,0.76937,0.7875852836335776,0.77704,0.7873791794303339,0.78159,0.787022241380671,0.77768,0.7871874862652272,0.77208,0.7870334664515918,0.76926,0.7870236130769422,0.76436,0.7869527047518,0.77145,0.7868580979342165,0.77309,0.7868791920649324,0.77847,0.7871586748100322,0.77637,0.7871638381451499,0.77436,0.787358481041681,0.77456,0.787410563099345,0.78004,0.7871590750377232
53,0.77704,0.7691565298209945,0.78159,0.768990818925905,0.77768,0.7684761288601486,0.77208,0.7686795889512915,0.76926,0.7685137984717777,0.76436,0.7686668608712545,0.77145,0.7682162215551408,0.77309,0.7679494045060175,0.77847,0.7680063237876503,0.77637,0.7683538189248985,0.77436,0.7684711392958171,0.77456,0.7686458870757825,0.78004,0.7686169086646452,0.77584,0.7682679654663126
54,0.78159,0.7770873820255138,0.77768,0.7768569919272186,0.77208,0.7763923677258053,0.76926,0.776450969649034,0.76436,0.7764518879728262,0.77145,0.7767099619693458,0.77309,0.7765821257223711,0.77847,0.7762820309751537,0.77637,0.7763836514739073,0.77436,0.7768162719683009,0.77456,0.7769199288184159,0.78004,0.7770764795448035,0.77584,0.7771638392612208,0.77433,0.7768549836498555
55,0.77768,0.7815437881340075,0.77208,0.7813411465007847,0.76926,0.7807841929001769,0.76436,0.7809534945676604,0.77145,0.7809185660129914,0.77309,0.780924469862788,0.77847,0.780721933832814,0.77637,0.780509503810157,0.77436,0.7804747715644624,0.77456,0.780702138837063,0.78004,0.7808144347736232,0.77584,0.7811821529693987,0.77433,0.7812396634480536,0.77369,0.7810115588153566
56,0.77208,0.7776665888194109,0.76926,0.777463345871947,0.76436,0.777093942389765,0.77145,0.777286190666782,0.77309,0.7771462345807229,0.77847,0.7771355616121943,0.77637,0.7770741051488946,0.77436,0.7770073162672267,0.77456,0.7770891712633236,0.78004,0.7773878176875221,0.77584,0.7773864184602778,0.77433,0.7776427315004318,0.77369,0.7777260452969265,0.76258,0.7775557824172344
57,0.76926,0.772148163688411,0.76436,0.7719730628353264,0.77145,0.7716551648966689,0.77309,0.7718189196505537,0.77847,0.7717071819545654,0.77637,0.7717046771345341,0.77436,0.7717342190958735,0.77456,0.7716696007269493,0.78004,0.7717504312318343,0.77584,0.771981398007978,0.77433,0.7720051550609642,0.77369,0.7722377317154897,0.76258,0.772322722343728,0.7582,0.7721540850148304
58,0.76436,0.7693764838540718,0.77145,0.7691918831323763,0.77309,0.7688973951798888,0.77847,0.7690359261968895,0.77637,0.7689298223258136,0.77436,0.7689271962342135,0.77456,0.7690208618266441,0.78004,0.7689586539824775,0.77584,0.7690217442184037,0.77433,0.7692470758963426,0.77369,0.7692681389514435,0.76258,0.7695022201284845,0.7582,0.769598124693144,0.759,0.7694200531829809
59,0.77145,0.7644867383777304,0.77309,0.7642922823132389,0.77847,0.7640083540744521,0.77637,0.7641492632818548,0.77436,0.7640287172242674,0.77456,0.7640132823242888,0.78004,0.7641224456700578,0.77584,0.7640736873535056,0.77433,0.7641267868301506,0.77369,0.7643366538530821,0.76258,0.7643449465011721,0.7582,0.7645729699050784,0.759,0.764676252079756,0.76396,0.7644985221612509
60,0.77309,0.7715386527777766,0.77847,0.771373061383015,0.77637,0.7710457454448216,0.77436,0.771199596354377,0.77456,0.7710622817174182,0.78004,0.7710492323301834,0.77584,0.770976674210756,0.77433,0.7707473649414125,0.77369,0.7707531166964101,0.76258,0.7709784963811173,0.7582,0.7709905754821149,0.759,0.771254744897574,0.76396,0.771306022016047,0.76339,0.7710377145888698
61,0.77847,0.7731522473962722,0.77637,0.7729570808927273,0.77436,0.7726516148298723,0.77456,0.7728175120622363,0.78004,0.7727208954214329,0.77584,0.7726875017118326,0.77433,0.7727249639732217,0.77369,0.7725973060890718,0.76258,0.772611082992942,0.7582,0.7728444837806345,0.759,0.7728717812072754,0.76396,0.7731029043728521,0.76339,0.7731582918398525,0.75962,0.7729670340680495
62,0.77637,0.7785484864241723,0.77436,0.7783766907184897,0.77456,0.7780899588495074,0.78004,0.7782359485816257,0.77584,0.778121009318768,0.77433,0.7780976806487003,0.77369,0.7781094411591609,0.76258,0.7779650323762168,0.7582,0.7779904672723048,0.759,0.7782121908756223,0.76396,0.7782106382904046,0.76339,0.778465736594883,0.75962,0.7785312257358625,0.75949,0.7782951394067665
63,0.77436,0.7764834735357482,0.77456,0.7762807904586708,0.78004,0.7759765593295498,0.77584,0.7761273084692704,0.77433,0.776011919741407,0.77369,0.7759876259501226,0.76258,0.7760791793902655,0.7582,0.7759975503999641,0.759,0.7760368011644942,0.76396,0.7762684680332796,0.76339,0.7762785388262756,0.75962,0.7765006118356297,0.75949,0.776589956113142,0.76156,0.7764100779099437
64,0.77456,0.774483522913782,0.78004,0.7742883811630449,0.77584,0.7740129735362856,0.77433,0.7741592280405015,0.77369,0.7740420957821911,0.76258,0.7740325905584754,0.7582,0.7741401796416753,0.759,0.7740980791355682,0.76396,0.774161094589202,0.76339,0.7743695162140497,0.75962,0.7743780203296623,0.75949,0.7746205604622659,0.76156,0.7747234202093963,0.76519,0.7745480432046165
65,0.78004,0.7746940338640148,0.77584,0.7745035049830936,0.77433,0.7742080867848732,0.77369,0.7743537642474426,0.76258,0.7742420983069483,0.7582,0.7742209459558386,0.759,0.7743250138684549,0.76396,0.7742529605404148,0.76339,0.77430003231182,0.75962,0.774506543648548,0.75949,0.7745282378202124,0.76156,0.7747740992673958,0.76519,0.7748677863311774,0.76619,0.7746994804803568
66,0.77584,0.7801271644224389,0.77433,0.7799577168429014,0.77369,0.7796376203717873,0.76258,0.7797870868038362,0.7582,0.7796642532579344,0.759,0.7796375688998441,0.76396,0.7796028773303906,0.76339,0.7794244422551774,0.75962,0.7794247544735388,0.75949,0.7796447327783514,0.76156,0.779658217619826,0.76519,0.7799272427183584,0.76619,0.7799872417927961,0.76102,0.7797443238342655
67,0.77433,0.775926247047875,0.77369,0.7757279001941532,0.76258,0.7754257218455057,0.7582,0.7755764141308935,0.759,0.7754511506043235,0.76396,0.7754336000213987,0.76339,0.7754962994074338,0.75962,0.7754123043630278,0.75949,0.7754499303407391,0.76156,0.7756976553352904,0.76519,0.7757105517564303,0.76619,0.7759204091896498,0.76102,0.7760071357667874,0.76518,0.7758153567744847
68,0.77369,0.7744493160496768,0.76258,0.7742544269492919,0.7582,0.7739702935576043,0.759,0.7741161519150319,0.76396,0.7740071822407026,0.76339,0.7740016855484919,0.75962,0.7741000706253454,0.75949,0.7740417265475026,0.76156,0.7741052301160289,0.76519,0.7743190430217419,0.76619,0.7743335397233659,0.76102,0.7745755737985656,0.76518,0.7746710993876968,0.76266,0.7744914293641978
69,0.76258,0.7738207486818405,0.7582,0.7736244667303376,0.759,0.7733266109699011,0.76396,0.7734721118304273,0.76339,0.7733644468371617,0.75962,0.7733425956594269,0.75949,0.7734526015901915,0.76156,0.7733875610411027,0.76519,0.7734322665001068,0.76619,0.773636720268781,0.76102,0.7736597805160395,0.76518,0.773907743754547,0.76266,0.7740021445533907,0.76216,0.7738359366958443
70,0.7582,0.7625395053341182,0.759,0.7623400955794042,0.76396,0.7619157537859993,0.76339,0.7620988965949638,0.75962,0.7619197773469042,0.75949,0.7619328816985418,0.76156,0.7617407474794364,0.76519,0.7616016711148605,0.76619,0.7616259776809076,0.76102,0.7619029738529408,0.76518,0.7619156259628854,0.76266,0.762138671680461,0.76216,0.7621704159850398,0.7643,0.7618864447889993
71,0.759,0.7583264672901016,0.76396,0.758090796825639,0.76339,0.7577413644792279,0.75962,0.7578212093974463,0.75949,0.7577704399916576,0.76156,0.7579273800399853,0.76519,0.7579694574449269,0.76619,0.7578121115145797,0.76102,0.7578509274715208,0.76518,0.7581416960417875,0.76266,0.7581754691198177,0.76216,0.758304845410533,0.7643,0.7583870280939329,0.77223,0.7581595265362586
72,0.76396,0.7590740637988201,0.76339,0.7588730664010509,0.75962,0.7584677586873877,0.75949,0.7586003751948592,0.76156,0.7585190084591741,0.76519,0.7585489690609247,0.76619,0.7585344171693432,0.76102,0.7584065372084151,0.76518,0.7584390364299761,0.76266,0.7586631164831342,0.76216,0.7587413871460594,0.7643,0.759034636730561,0.77223,0.75912344084098,0.77514,0.758911506762146
73,0.76339,0.7640232516821497,0.75962,0.763829855986617,0.75949,0.7634589257465931,0.76156,0.7636158311904664,0.76519,0.7634958919986756,0.76619,0.763483480298194,0.76102,0.7634519915652644,0.76518,0.7632935503995695,0.76266,0.7633155955015836,0.76216,0.7635678179110554,0.7643,0.7635925431156947,0.77223,0.7638596260865169,0.77514,0.763933640117787,0.77314,0.7637260367034768
74,0.75962,0.7634606831051503,0.75949,0.7632711324767303,0.76156,0.7629584578316286,0.76519,0.7631206646109792,0.76619,0.7630024398967368,0.76102,0.7629795624579134,0.76518,0.7630241643327469,0.76266,0.7629441356238391,0.76216,0.7629929034318781,0.7643,0.7632314307283383,0.77223,0.7632455173806381,0.77514,0.7634779876606632,0.77314,0.7635598277483229,0.77541,0.7633820925183687
75,0.75949,0.7597205618978524,0.76156,0.7595272993523441,0.76519,0.7592412359692435,0.76619,0.7593975299998466,0.76102,0.7592802405881276,0.76518,0.7592693240660129,0.76266,0.7593499878205012,0.76216,0.7593087885145042,0.7643,0.7593822025048258,0.77223,0.7596021171304574,0.77514,0.7596099802751315,0.77314,0.7598463843161927,0.77541,0.7599426716471545,0.77252,0.7597755972085043
76,0.76156,0.7596202138261963,0.76519,0.759435090879919,0.76619,0.7591410965866037,0.76102,0.7592888174727652,0.76518,0.7591754618148063,0.76266,0.7591599298972089,0.76216,0.7592597234903171,0.7643,0.7591861941833433,0.77223,0.7592436932933144,0.77514,0.7594542755719833,0.77314,0.7594769025250518,0.77541,0.7597197955998074,0.77252,0.7598108829057257,0.77521,0.7596393701765867
77,0.76519,0.7616771101685031,0.76619,0.7614930748760258,0.76102,0.7612032637053658,0.76518,0.7613513946353947,0.76266,0.7612310572668235,0.76216,0.7612065962231014,0.7643,0.761280924299254,0.77223,0.7611848629813636,0.77514,0.76122298794061,0.77314,0.7614347685258422,0.77541,0.7614498410149195,0.77252,0.7616940501503364,0.77521,0.7617825541129519,0.77076,0.7615972053063984
78,0.76619,0.7652828467561608,0.76102,0.7651029965945031,0.76518,0.7648031898587919,0.76266,0.7649529594799946,0.76216,0.7648414239028329,0.7643,0.7648161033465999,0.77223,0.7648408603853727,0.77514,0.7647162519860262,0.77314,0.7647399941323942,0.77541,0.7649592051438208,0.77252,0.7649763321768819,0.77521,0.7652292594811274,0.77076,0.7652997349086195,0.77559,0.7650953062856547
79,0.76102,0.7662851347465162,0.76518,0.7660864778933442,0.76266,0.7657913899071841,0.76216,0.7659429364045477,0.7643,0.7658370950354706,0.77223,0.7658133237234265,0.77514,0.7658911244613532,0.77314,0.7658224220173847,0.77541,0.7658623551867035,0.77252,0.7660835469611752,0.77521,0.7661008657557372,0.77076,0.7663366437297495,0.77559,0.7664213041459275,0.78038,0.7662484824429098
80,0.76518,0.7611264410462277,0.76266,0.7609355769037316,0.76216,0.7606551986337686,0.7643,0.7608082049356122,0.77223,0.7606769761133287,0.77514,0.7606593815690681,0.77314,0.7607462928318378,0.77541,0.7606923731437669,0.77252,0.7607561753466976,0.77521,0.760971021583911,0.77076,0.76097127821947,0.77559,0.7611992740911526,0.78038,0.761296090718927,0.77701,0.7611111052154891
81,0.76266,0.7652971025942312,0.76216,0.7651263296117028,0.7643,0.7648304738082876,0.77223,0.7649814869634062,0.77514,0.7648445952487597,0.77314,0.7648398696420733,0.77541,0.7648715290580546,0.77252,0.7647222628458072,0.77521,0.7647754209375668,0.77076,0.7649976564045025,0.77559,0.765014487080534,0.78038,0.7652528099807929,0.77701,0.7653318108006166,0.77898,0.7651134243152589
82,0.76216,0.762776772884212,0.7643,0.7625822145052045,0.77223,0.7622919248093641,0.77514,0.7624383829530818,0.77314,0.762322891139451,0.77541,0.7622991961267364,0.77252,0.7624001238670136,0.77521,0.7623191613689816,0.77076,0.7623509536766907,0.77559,0.7625739238552743,0.78038,0.7625869589816322,0.77701,0.7628060431585656,0.77898,0.7628963247613175,0.7769,0.7627138010781384
83,0.7643,0.7622833389775734,0.77223,0.7620829593086056,0.77514,0.7618012033506203,0.77314,0.7619475427507096,0.77541,0.7618328553742286,0.77252,0.761820622549527,0.77521,0.7619236495490951,0.77076,0.7618763909565642,0.77559,0.7619367775957981,0.78038,0.7621460193229324,0.77701,0.7621578601763359,0.77898,0.7624022327588647,0.7769,0.7625014652228457,0.77054,0.7623277087193456
84,0.77223,0.7644166720758192,0.77514,0.7642342110386351,0.77314,0.7639349566063145,0.77541,0.7640832292719977,0.77252,0.7639685777732637,0.77521,0.7639445714969013,0.77076,0.764009923951741,0.77559,0.7639051179368805,0.78038,0.7639384941041469,0.77701,0.7641485127143794,0.77898,0.7641675965161965,0.7769,0.7644141158554674,0.77054,0.7644978498021344,0.77612,0.7643115866550914
85,0.77514,0.7722824468850926,0.77314,0.7721152006319794,0.77541,0.7717701409032638,0.77252,0.7719246575483889,0.77521,0.7718116914743045,0.77076,0.7717826736493048,0.77559,0.7716715332148492,0.78038,0.7714385471421887,0.77701,0.7714113734031893,0.77898,0.7716390542259073,0.7769,0.7716588868783769,0.77054,0.7719473960309737,0.77612,0.7719834659432858,0.77122,0.7717056664764281
86,0.77314,0.7751839081013611,0.77541,0.7749897549640888,0.77252,0.7746710781196168,0.77521,0.7748377777591383,0.77076,0.7747371131684201,0.77559,0.7747097168451443,0.78038,0.7747272059243994,0.77701,0.7746085100191419,0.77898,0.7746398495803885,0.7769,0.774895351613203,0.77054,0.7749211695266137,0.77612,0.7751503139373096,0.77122,0.7752079939457769,0.77461,0.7750205873092352
87,0.77541,0.7732300610393729,0.77252,0.7730330413494236,0.77521,0.7727467836982548,0.77076,0.7729036476982735,0.77559,0.7727888640608732,0.78038,0.7727760420582278,0.77701,0.772853340274866,0.77898,0.7728091814367296,0.7769,0.7728790065464061,0.77054,0.773095354031954,0.77612,0.7730987301269913,0.77122,0.7733426570425642,0.77461,0.7734418283593975,0.77812,0.7732678164261294
88,0.77252,0.7755284471911984,0.77521,0.7753488628202724,0.77076,0.7750482890531095,0.77559,0.775196404077895,0.78038,0.775076968920792,0.77701,0.7750601126170188,0.77898,0.7751250585641066,0.7769,0.77501548076524,0.77054,0.7750622622441262,0.77612,0.7752804404188175,0.77122,0.7752983430853312,0.77461,0.7755384592908633,0.77812,0.7756256724694942,0.78487,0.7754361430723186
89,0.77521,0.7726424885636475,0.77076,0.7724497954927897,0.77559,0.7721677750100894,0.78038,0.7723151598779764,0.77701,0.7721909486440522,0.77898,0.772169147490345,0.7769,0.7722748886985896,0.77054,0.7722099012057838,0.77612,0.7722603592369665,0.77122,0.772477200643621,0.77461,0.7724866951434847,0.77812,0.7727159272294698,0.78487,0.7728143441386378,0.78322,0.7726374681701741
90,0.77076,0.7753353008085768,0.77559,0.7751558119418704,0.78038,0.7748692720708577,0.77701,0.775013358601639,0.77898,0.7748864584211632,0.7769,0.7748701604707393,0.77054,0.7749382822132547,0.77612,0.7748286233165644,0.77122,0.7748722087837749,0.77461,0.7750871980226592,0.77812,0.7750970682120468,0.78487,0.7753368766882276,0.78322,0.7754266977155866,0.78426,0.7752258175480464
91,0.77559,0.7708833071525348,0.78038,0.7706873713328876,0.77701,0.7703977708739601,0.77898,0.7705442560551362,0.7769,0.7704128445626609,0.77054,0.7703937230058998,0.77612,0.7704918842379173,0.77122,0.7704210221514857,0.77461,0.7704697833893349,0.77812,0.7706924309228541,0.78487,0.7706986831759693,0.78322,0.770919565955073,0.78426,0.7710194257448436,0.77288,0.7708348136581024
92,0.78038,0.7757037605504482,0.77701,0.7755292013778561,0.77898,0.775228463377778,0.7769,0.7753736916227243,0.77054,0.7752349906975613,0.77612,0.7752253803717284,0.77122,0.7752442815069915,0.77461,0.7750821061888817,0.77812,0.7751139227509956,0.78487,0.7753380038227877,0.78322,0.775347651933578,0.78426,0.7755860059167279,0.77288,0.7756647336189306,0.77269,0.775429873390556
93,0.77701,0.7804560476032155,0.77898,0.7802671278439764,0.7769,0.7799502887608786,0.77054,0.7801102588380989,0.77612,0.780002667368385,0.77122,0.7799759850330109,0.77461,0.7799890992381141,0.77812,0.7798471906779331,0.78487,0.7798617338665598,0.78322,0.7800924922010698,0.78426,0.7801177739928197,0.77288,0.7803629808366485,0.77269,0.7804232037559221,0.77811,0.7802148039880511
94,0.77898,0.777108891890957,0.7769,0.7769151697814138,0.77054,0.7766276461136201,0.77612,0.7767824310669582,0.77122,0.7766595846426114,0.77461,0.7766408860208955,0.77812,0.7767216897429805,0.78487,0.7766618206717155,0.78322,0.7767205534675938,0.78426,0.7769500513297587,0.77288,0.7769506899709129,0.77269,0.7771801304839798,0.77811,0.7772767720303861,0.77683,0.7770994468442993
95,0.7769,0.7791095629917877,0.77054,0.7789280112455785,0.77612,0.7786385871267598,0.77122,0.778784911625688,0.77461,0.7786572312588291,0.77812,0.7786453637645068,0.78487,0.778729574213638,0.78322,0.7786308999975049,0.78426,0.7786911426237098,0.77288,0.7789082238022715,0.77269,0.7789220234444187,0.77811,0.7791579082876965,0.77683,0.7792542317437878,0.7793,0.7790637523830342
96,0.77054,0.7770299758296227,0.77612,0.7768356200714829,0.77122,0.7765476833039197,0.77461,0.776693270311784,0.77812,0.7765740180722555,0.78487,0.7765514114736783,0.78322,0.7766630459747598,0.78426,0.7765961633642059,0.77288,0.7766409393126873,0.77269,0.7768536976556556,0.77811,0.7768678280155422,0.77683,0.7771018465320362,0.7793,0.777200114124002,0.7723,0.7770267466950594
97,0.77612,0.7706405328449537,0.77122,0.7704457741151773,0.77461,0.7701533770691813,0.77812,0.7703063649337483,0.78487,0.7701596711945231,0.78322,0.7701405233624601,0.78426,0.7702143996962323,0.77288,0.7701641568114783,0.77269,0.7702203143549187,0.77811,0.7704415579196566,0.77683,0.7704358527921786,0.7793,0.7706568108628917,0.7723,0.7707582663865824,0.77725,0.7705699398507195
98,0.77122,0.7762295539410017,0.77461,0.7760590735392808,0.77812,0.775767073673259,0.78487,0.7759143880516687,0.78322,0.7757731848810264,0.78426,0.7757858349691643,0.77288,0.7757982273556164,0.77269,0.7756265875446017,0.77811,0.7756855808234006,0.77683,0.7759184449946671,0.7793,0.7759377551697154,0.7723,0.776164670969146,0.77725,0.7762384843949887,0.7735,0.7760070205399726
99,0.77461,0.7713278184941434,0.77812,0.7711300729401107,0.78487,0.7708282955549355,0.78322,0.7709730005712179,0.78426,0.7708482266874914,0.77288,0.7708303264365957,0.77269,0.7709136725674459,0.77811,0.7708123404803762,0.77683,0.770839337506374,0.7793,0.7710684677726083,0.7723,0.7710793030823031,0.77725,0.7712860738942315,0.7735,0.7713763325122334,0.77535,0.7711747805555267
100,0.77812,0.7747347586187674,0.78487,0.7745493130419776,0.78322,0.77426914877248,0.78426,0.7744090809933981,0.77288,0.7742758708842006,0.77269,0.7742712150089277,0.77811,0.774348846217042,0.77683,0.774230844590936,0.7793,0.774285511505302,0.7723,0.7745084521143939,0.77725,0.774510992951325,0.7735,0.7747389031704346,0.77535,0.7748366002836677,0.77532,0.774622347895563
101,0.78487,0.7782268831843441,0.78322,0.7780355529003474,0.78426,0.7777271672285325,0.77288,0.7778762241260312,0.77269,0.7777658638706827,0.77811,0.77774314458935,0.77683,0.7778021012337023,0.7793,0.7776889585575747,0.7723,0.7777125698312931,0.77725,0.7779306792918407,0.7735,0.777953863841559,0.77535,0.7781958433325246,0.77532,0.7782764578215039,0.77434,0.7780861103447579
102,0.78322,0.7849314151722402,0.78426,0.7847596816177875,0.77288,0.7844318462344282,0.77269,0.7845793826896161,0.77811,0.7844725516957161,0.77683,0.7844442008650268,0.7793,0.7843884060171595,0.7723,0.7842009842175222,0.77725,0.7841856185428233,0.7735,0.7844107145088393,0.77535,0.7844269143193279,0.77532,0.7847010050268628,0.77434,0.7847524279227847,0.77417,0.7845058601838437
103,0.78426,0.7833019651540951,0.77288,0.7831018186795689,0.77269,0.7827949210866052,0.77811,0.7829497871377669,0.77683,0.7828372414685134,0.7793,0.7828146808521694,0.7723,0.7828792324132507,0.77725,0.7827939693222277,0.7735,0.7828367543977208,0.77535,0.783082511507672,0.77532,0.7830955797305421,0.77434,0.7833170961582425,0.77417,0.7834010387939259,0.77084,0.7832196555588951
104,0.77288,0.7843761806721938,0.77269,0.7841878463074006,0.77811,0.7839053111816663,0.77683,0.7840540148750785,0.7793,0.7839305633529927,0.7723,0.7839207463599502,0.77725,0.7840128116709872,0.7735,0.7839387416948791,0.77535,0.7840078187051456,0.77532,0.7842228256246069,0.77434,0.7842335396622782,0.77417,0.7844757240587621,0.77084,0.7845741144397886,0.77355,0.7843871688806809
105,0.77269,0.7728371935913991,0.77811,0.7726357964961743,0.77683,0.772199203736377,0.7793,0.7723841163492715,0.7723,0.7722068449761672,0.77725,0.7722152773390143,0.7735,0.7720285053551514,0.77535,0.7718859654164725,0.77532,0.7719102555588642,0.77434,0.7721940181677518,0.77417,0.7722100158575949,0.77084,0.7724373833921299,0.77355,0.7724707411148437,0.7749,0.7721991161420327
106,0.77811,0.7727969031422958,0.77683,0.7725674905398022,0.7793,0.7722299852632545,0.7723,0.7723268723805062,0.77725,0.7722647820212273,0.7735,0.7723689244687534,0.77535,0.7724230504593265,0.77532,0.7722774623164127,0.77434,0.7723191289135115,0.77417,0.7726205754463421,0.77084,0.7726672515693621,0.77355,0.7728331821401638,0.7749,0.7729108949554188,0.77508,0.7726924513683456
107,0.77683,0.7781514579080825,0.7793,0.7779665007081197,0.7723,0.7775562845170346,0.77725,0.7777119873469777,0.7735,0.7776326567079953,0.77535,0.7776270180272907,0.77532,0.7775548335719425,0.77434,0.7773720433413321,0.77417,0.7773852070656934,0.77084,0.7775947279567693,0.77355,0.7776624492524055,0.7749,0.7779755899080404,0.77508,0.7780454417932409,0.76602,0.7778188394129605
108,0.7793,0.7768847828785784,0.7723,0.7766793873681582,0.77725,0.7763419275808975,0.7735,0.7765084013455908,0.77535,0.7763901263544813,0.77532,0.7763658921896696,0.77434,0.776392773249636,0.77417,0.7763077067186078,0.77084,0.7763515592352906,0.77355,0.7766090468478343,0.7749,0.7766245053855801,0.77508,0.7768668019627786,0.76602,0.7769489871709357,0.77436,0.7767776929824596
109,0.7723,0.7793997344759526,0.77725,0.7792236821458908,0.7735,0.7789284989028936,0.77535,0.7790842969896737,0.77532,0.7789585698536364,0.77434,0.7789432668358466,0.77417,0.7789995196288481,0.77084,0.778898547570713,0.77355,0.7789631208578037,0.7749,0.7791886488556309,0.77508,0.7792003252341936,0.76602,0.7794388479904563,0.77436,0.77952447453739,0.7755,0.7793334843171004
110,0.77725,0.7723706158971297,0.7735,0.7721707566774101,0.77535,0.7718562738113222,0.77532,0.7720061811227468,0.77434,0.7718569181992323,0.77417,0.7718428420461394,0.77084,0.7718879320395033,0.77355,0.7718271867828705,0.7749,0.771875936652036,0.77508,0.7721157036989141,0.76602,0.772113303981,0.77436,0.7723225904261697,0.7755,0.7724240348321971,0.77373,0.7722282945611867
111,0.7735,0.7773588631979655,0.77535,0.7771762013152475,0.77532,0.7768857201162027,0.77434,0.7770237665544264,0.77417,0.776889581219526,0.77084,0.7769158430372918,0.77355,0.7769559775687376,0.7749,0.7767989085322333,0.77508,0.7768619515253667,0.76602,0.7771017835028906,0.77436,0.7771253088766534,0.7755,0.7773362615306687,0.77373,0.7774181842368271,0.77318,0.7771932925360452
112,0.77535,0.7736172645424958,0.77532,0.7734166466295719,0.77434,0.7731094638190698,0.77417,0.7732511059627868,0.77084,0.7731401444077491,0.77355,0.7731262365193615,0.7749,0.773218355134064,0.77508,0.7731289885120859,0.76602,0.7731583644833663,0.77436,0.7733761078468305,0.7755,0.7733959114464014,0.77373,0.7736194973310703,0.77318,0.7737148142384612,0.7753,0.7735237593494603
113,0.77532,0.7754766577892238,0.77434,0.775290669775242,0.77417,0.7750087031055242,0.77084,0.7751532855801284,0.77355,0.7750228371916106,0.7749,0.7750120803431142,0.77508,0.7751037358576665,0.76602,0.7750147194057004,0.77436,0.7750775360219646,0.7755,0.7752969807225978,0.77373,0.7753031943203692,0.77318,0.775540239067706,0.7753,0.7756412024310717,0.77059,0.7754478074922386
114,0.77434,0.7754477494739043,0.77417,0.7752516976900445,0.77084,0.7749553750029812,0.77355,0.7751025509199174,0.7749,0.7749911052881437,0.77508,0.7749676290707506,0.76602,0.775069879427327,0.77436,0.7749984915729222,0.7755,0.7750381137314328,0.77373,0.7752467392431648,0.77318,0.775266353607811,0.7753,0.7755093684675451,0.77059,0.7756030057565007,0.77139,0.7754351453252533
115,0.77417,0.7744661461729883,0.77084,0.7742739841742767,0.77355,0.7739951935764728,0.7749,0.7741415468736412,0.77508,0.7740224997870135,0.76602,0.7740032802030945,0.77436,0.774112102721181,0.7755,0.7740584452840884,0.77373,0.7741147028755839,0.77318,0.7743257065777178,0.7753,0.7743375113023538,0.77059,0.7745770406145929,0.77139,0.7746752281200933,0.76883,0.7745026881130506
116,0.77084,0.7743022822645307,0.77355,0.7741116985665448,0.7749,0.7738256564292405,0.77508,0.7739718502956257,0.76602,0.7738561015388277,0.77436,0.7738363872680074,0.7755,0.773944278521727,0.77373,0.7738855787114025,0.77318,0.773940035419715,0.7753,0.7741492208018335,0.77059,0.7741660178756737,0.77139,0.7744083687606198,0.76883,0.7745045845907461,0.76111,0.7743362418508204
117,0.77355,0.7709749595695501,0.7749,0.7707865206055902,0.77508,0.7705073891728278,0.76602,0.7706532907348917,0.77436,0.7705284761640103,0.7755,0.7705098695067607,0.77373,0.7706216209906886,0.77318,0.7705653994151833,0.7753,0.7706249672181473,0.77059,0.770836389302396,0.77139,0.770846375963494,0.76883,0.7710816804618406,0.76111,0.7711828808104217,0.7553,0.7710093433423497
118,0.7749,0.7736767982588615,0.77508,0.7734988156900042,0.76602,0.7732045536123449,0.77436,0.7733509122064104,0.7755,0.773221501951525,0.77373,0.7732035051886894,0.77318,0.773259991932832,0.7753,0.7731422651851287,0.77059,0.7731822703609621,0.77139,0.7733962444582401,0.76883,0.7734083776268788,0.76111,0.7736526380432449,0.7553,0.7737410207374749,0.74931,0.7735395038945396
119,0.77508,0.775008172200271,0.76602,0.774814684551186,0.77436,0.7745211137186038,0.7755,0.7746705402347492,0.77373,0.7745636786672753,0.77318,0.7745388709878375,0.7753,0.7746218199532654,0.77059,0.7745399019328237,0.77139,0.7745738892587019,0.76883,0.7747894502423355,0.76111,0.7748120880602277,0.7553,0.7750522500024294,0.74931,0.775136473082623,0.75398,0.774963164778112
120,0.76602,0.7751912782701966,0.77436,0.7749953257740545,0.7755,0.7747122184088058,0.77373,0.7748620739299641,0.77318,0.7747498988979915,0.7753,0.7747279577766877,0.77059,0.7748240803799691,0.77139,0.7747685775926785,0.76883,0.774820655608548,0.76111,0.7750297295666515,0.7553,0.7750439963571099,0.74931,0.7752883732470055,0.75398,0.7753801606382895,0.75523,0.7752080183059862
121,0.77436,0.7660400332560781,0.7755,0.7658448687752494,0.77373,0.7654728485967749,0.77318,0.7656552852449491,0.7753,0.7654849218115228,0.77059,0.7654691948491487,0.77139,0.7653961271362019,0.76883,0.7652953751321289,0.76111,0.7653432417400577,0.7553,0.7655954141200451,0.74931,0.7655977644594455,0.75398,0.7658304593482822,0.75523,0.7658897681853628,0.75746,0.7656581133219075
122,0.7755,0.7744490277078725,0.77373,0.7742655368753034,0.77318,0.7739445811426989,0.7753,0.7740905248907651,0.77059,0.7739551318924199,0.77139,0.7740077541135392,0.76883,0.7739725413308619,0.76111,0.7737290943229013,0.7553,0.7738028390273243,0.74931,0.7740789223868191,0.75398,0.7741190624770965,0.75523,0.7743147935367446,0.75746,0.7743782988733287,0.7584,0.7741210445861938
123,0.77373,0.7755558056017325,0.77318,0.7753532160061586,0.7753,0.774999214503885,0.77059,0.775156637879525,0.77139,0.7750735670272552,0.76883,0.7750588127640076,0.76111,0.7750593953170214,0.7553,0.7749132419922721,0.74931,0.7749053079934133,0.75398,0.7751137116757495,0.75523,0.7751619436131482,0.75746,0.7754117792465881,0.7584,0.7754836298446212,0.75961,0.7752806072131538
124,0.77318,0.7738064733194956,0.7753,0.7736071962054889,0.77059,0.7733166129393108,0.77139,0.7734738748614514,0.76883,0.7733570323899808,0.76111,0.7733501365265734,0.7553,0.7734123427409254,0.74931,0.7733667751318758,0.75398,0.773443294682806,0.75523,0.7736775597960555,0.75746,0.7736813115803893,0.7584,0.7739241286068359,0.75961,0.7740200748627326,0.75692,0.7738465384132946
125,0.7753,0.7732974520075437,0.77059,0.7731096259702532,0.77139,0.7728058210667292,0.76883,0.7729569292167504,0.76111,0.7728492488130065,0.7553,0.7728331843116827,0.74931,0.77292190631292,0.75398,0.7728539385733235,0.75523,0.7729127704095369,0.75746,0.7731235896661453,0.7584,0.7731492466408305,0.75961,0.7733967055972677,0.75692,0.7734857646354136,0.75151,0.773320405169077
126,0.77059,0.7754132688921643,0.77139,0.775231209065835,0.76883,0.7749390126325423,0.76111,0.7750864780889358,0.7553,0.7749645126520889,0.74931,0.7749426907819114,0.75398,0.7750103420973872,0.75523,0.7749106014514225,0.75746,0.7749509686716308,0.7584,0.7751680879907624,0.75961,0.7751819684806222,0.75692,0.7754249421584362,0.75151,0.7755126358776877,0.7501,0.7753225117437367
127,0.77139,0.7707049861491285,0.76883,0.7705098206496658,0.76111,0.770223061743225,0.7553,0.7703740322030243,0.74931,0.770238092983989,0.75398,0.7702182776537555,0.75523,0.7703085158044886,0.75746,0.7702465929523058,0.7584,0.7703034425011609,0.75961,0.7705253886905737,0.75692,0.7705281624700163,0.75151,0.7707491162479144,0.7501,0.7708497920945391,0.74695,0.770668020789033
128,0.76883,0.7715270315439999,0.76111,0.7713431450594077,0.7553,0.7710590809057327,0.74931,0.7712057924565021,0.75398,0.7710834839145979,0.75523,0.7710746896456191,0.75746,0.7711765837640348,0.7584,0.7710973519107289,0.75961,0.7711599330624528,0.75692,0.7713772428807066,0.75151,0.7713934239938032,0.7501,0.7716288502771282,0.74695,0.7717224077342768,0.75285,0.7715404229521743
129,0.76111,0.7689669501987938,0.7553,0.7687717460494442,0.74931,0.7684831066572061,0.75398,0.7686273447752884,0.75523,0.7685085814073519,0.75746,0.7684857373178803,0.7584,0.7686017403766728,0.75961,0.7685389241533104,0.75692,0.7685845871538023,0.75151,0.7687921904371452,0.7501,0.7688068963325551,0.74695,0.7690451452072212,0.75285,0.7691454986707159,0.75301,0.7689741031718059
130,0.7553,0.7611754418981866,0.74931,0.760978610932026,0.75398,0.7606469390817359,0.75523,0.7608130449885642,0.75746,0.7606499917097529,0.7584,0.7606310111319465,0.75961,0.7606356426404921,0.75692,0.760560596427323,0.75151,0.7606115974013767,0.7501,0.7608477528229662,0.74695,0.7608458303592136,0.75285,0.7610785575969579,0.75301,0.7611632788983491,0.74954,0.7609545481617181
131,0.74931,0.7554332968968199,0.75398,0.7552340629874496,0.75523,0.7549428195590852,0.75746,0.7550660370136145,0.7584,0.7549557636695797,0.75961,0.7549916453565063,0.75692,0.7550875345106877,0.75151,0.7550127417045703,0.7501,0.7550673459620273,0.74695,0.7553197042863874,0.75285,0.7553262806884166,0.75301,0.7555162768528251,0.74954,0.7556125379103039,0.74836,0.7554211318399328
132,0.75398,0.7494331873902725,0.75523,0.7492308602966974,0.75746,0.7489213692614017,0.7584,0.7490422982235346,0.75961,0.7489325554423291,0.75692,0.7489355947560258,0.75151,0.7490315897681145,0.7501,0.7489784942241245,0.74695,0.7490161479923559,0.75285,0.7492304207094863,0.75301,0.7492500820659048,0.74954,0.7494749910689139,0.74836,0.7495842885687894,0.74294,0.7493871791953867
133,0.75523,0.7540867727789632,0.75746,0.7539106855825125,0.7584,0.7535981021197117,0.75961,0.7537494755511475,0.75692,0.7536153372189333,0.75151,0.7536134534105244,0.7501,0.7536335177440364,0.74695,0.7534781525767343,0.75285,0.7535286477444046,0.75301,0.7537486737940512,0.74954,0.7537721554593176,0.74836,0.7540235577519511,0.74294,0.7541081931533867,0.74935,0.753895388200634
134,0.75746,0.7553248444503592,0.7584,0.7551306458383519,0.75961,0.7548268525472562,0.75692,0.7549802193873515,0.75151,0.7548758042223821,0.7501,0.7548489177454653,0.74695,0.7549182906107202,0.75285,0.754822356629364,0.75301,0.7548469231708336,0.74954,0.7550668342603498,0.74836,0.7550914260657632,0.74294,0.7553303606412268,0.74935,0.7554086093234841,0.74814,0.7552317467427824
135,0.7584,0.757563347862023,0.75961,0.7573766511697695,0.75692,0.7570998779621814,0.75151,0.7572441133008478,0.7501,0.7571334561864287,0.74695,0.7571123457757576,0.75285,0.7571891841737024,0.75301,0.7571074920280889,0.74954,0.7571504509262095,0.74836,0.7573644512896944,0.74294,0.7573732042648853,0.74935,0.7576173383560754,0.74814,0.7577016710849502,0.7446,0.757510523209211
136,0.75961,0.7585187483503599,0.75692,0.7583193320327322,0.75151,0.7580240980035509,0.7501,0.7581724785571335,0.74695,0.758063095048163,0.75285,0.758039225708961,0.75301,0.7581355903469724,0.74954,0.7580643727790797,0.74836,0.7581078655251243,0.74294,0.7583188502661127,0.74935,0.7583377587282651,0.74814,0.7585788304562069,0.7446,0.7586678940418263,0.74826,0.7584953133621806
137,0.75692,0.7597299299877044,0.75151,0.7595424755917769,0.7501,0.7592657387639768,0.74695,0.7594122633517394,0.75285,0.7592963172782469,0.75301,0.7592755034774449,0.74954,0.7593756174309668,0.74836,0.759304865247875,0.74294,0.7593539493708953,0.74935,0.7595636125069426,0.74814,0.7595765127179469,0.7446,0.7598168042595056,0.74826,0.7599074052113132,0.74246,0.7597279512109957
138,0.75151,0.7570525727935182,0.7501,0.756859181652735,0.74695,0.7565762172746053,0.75285,0.7567225230743224,0.75301,0.7566000912485924,0.74954,0.7565800667236635,0.74836,0.7566909867329832,0.74294,0.7566340304567438,0.74935,0.7566910821244255,0.74814,0.7569033915117052,0.7446,0.7569133508861432,0.74826,0.7571483332632942,0.74246,0.7572483570240456,0.73969,0.7570751250152261
139,0.7501,0.7516350302157132,0.74695,0.7514408874394046,0.75285,0.7511583232680475,0.75301,0.7513009787925892,0.74954,0.7511680129954964,0.74836,0.7511531465560818,0.74294,0.7512559668893498,0.74935,0.7512082896600457,0.74814,0.7512622451130863,0.7446,0.7514781848103137,0.74826,0.7514794975194871,0.74246,0.7516995048699225,0.73969,0.7518042220889963,0.73442,0.7516196441119444
140,0.74695,0.750240970092616,0.75285,0.7500496509262826,0.75301,0.749764245697204,0.74954,0.7499036276374478,0.74836,0.7497948790358147,0.74294,0.7497887941765635,0.74935,0.7499020039515722,0.74814,0.7498420406421042,0.7446,0.7498980900502625,0.74826,0.7501108638037091,0.74246,0.7501315625388794,0.73969,0.7503712249865908,0.73442,0.75046556717032,0.73299,0.7502903604520521
141,0.75285,0.7470880732282996,0.75301,0.7468948591988767,0.74954,0.746608957021893,0.74836,0.7467516610479681,0.74294,0.7466325566049665,0.74935,0.7466112961203937,0.74814,0.746729796869916,0.7446,0.7466709004995966,0.74826,0.7467199340947293,0.74246,0.7469251182676846,0.73969,0.7469390063372732,0.73442,0.7471780788503413,0.73299,0.7472791804132459,0.73585,0.7471069203413965
142,0.75301,0.7529482635538094,0.74954,0.7527809819395421,0.74836,0.7524591576031177,0.74294,0.7526083936201409,0.74935,0.7524731896075187,0.74814,0.7524501631061518,0.7446,0.7524047789203556,0.74826,0.7522040536288492,0.74246,0.752203451509819,0.73969,0.752426244824425,0.73442,0.7524324025869524,0.73299,0.7526967175215638,0.73585,0.7527578739825791,0.73731,0.7524969951917106
143,0.74954,0.7530872178755141,0.74836,0.7528927853123657,0.74294,0.752590125673674,0.74935,0.7527517834529187,0.74814,0.7526432276205066,0.7446,0.7526140379937767,0.74826,0.7526712740960699,0.74246,0.7525652359123394,0.73969,0.7525967581365018,0.73442,0.7528364658115658,0.73299,0.75285939821843,0.73585,0.7530828666109353,0.73731,0.7531489717126585,0.73674,0.7529659060870524
144,0.74836,0.7496402625140245,0.74294,0.7494424831122369,0.74935,0.749166114651619,0.74814,0.7493218182382616,0.7446,0.7492035952920769,0.74826,0.7491900906318033,0.74246,0.7492770312021303,0.73969,0.7492340989740324,0.73442,0.7493024028774226,0.73299,0.7495149222197351,0.73585,0.749517736423034,0.73731,0.7497577965454848,0.73674,0.7498539714483495,0.73818,0.7496779481639105
145,0.74294,0.7484925505581917,0.74935,0.7483027417351399,0.74814,0.7480072962375265,0.7446,0.7481535714636697,0.74826,0.7480466871588282,0.74246,0.7480309895040113,0.73969,0.7481360950482189,0.73442,0.7480696389106446,0.73299,0.748123494821309,0.73585,0.7483341018527857,0.73731,0.7483573121739459,0.73674,0.7486005948325759,0.73818,0.7486908524392196,0.73596,0.7485217373418412
146,0.74935,0.7430569247261715,0.74814,0.7428607041691989,0.7446,0.7425759341021162,0.74826,0.7427212886722386,0.74246,0.7425833252235875,0.73969,0.7425626625062264,0.73442,0.7426630061180745,0.73299,0.7426119956852758,0.73585,0.7426624514427217,0.73731,0.7428774346134573,0.73674,0.7428771700337179,0.73818,0.743097890864557,0.73596,0.7432022364422678,0.73766,0.7430170356868998
147,0.74814,0.7494485970473266,0.7446,0.749280317462713,0.74826,0.7489667064891778,0.74246,0.7491185637426911,0.73969,0.7489762640706845,0.73442,0.748973724890398,0.73299,0.7489371498229007,0.73585,0.7487333654568789,0.73731,0.7487635122612988,0.73674,0.7489944146015619,0.73818,0.7490091194856137,0.73596,0.7492543369232367,0.73766,0.7493142139689513,0.73952,0.7490605627069231
148,0.7446,0.7482251015356602,0.74826,0.7480288850241201,0.74246,0.7477293779414473,0.73969,0.7478847030618787,0.73442,0.7477792674438539,0.73299,0.7477542071158829,0.73585,0.7478231972148357,0.73731,0.7477140928843589,0.73674,0.7477358393556066,0.73818,0.7479675749385357,0.73596,0.7479901685422525,0.73766,0.7482077648731653,0.73952,0.7482796018215019,0.73378,0.7480869266931556
149,0.74826,0.7447021225180012,0.74246,0.7445016571964603,0.73969,0.7442243933564984,0.73442,0.7443785214218311,0.73299,0.7442601208622451,0.73585,0.7442485489682528,0.73731,0.7443362757858355,0.73674,0.7442946785577166,0.73818,0.74436490588233,0.73596,0.7445800929399499,0.73766,0.7445827606068266,0.73952,0.7448224685292731,0.73378,0.7449189761689555,0.73654,0.7447426921578514
150,0.74246,0.748370689594294,0.73969,0.7481977461062977,0.73442,0.7478858799365024,0.73299,0.7480393099319097,0.73585,0.7479160049476102,0.73731,0.7478982123263175,0.73674,0.7479239951204998,0.73818,0.7477781025369675,0.73596,0.7478144463199622,0.73766,0.7480274416554219,0.73952,0.7480492442152079,0.73378,0.7483015067879658,0.73654,0.7483778052734759,0.73949,0.7481716091166798
151,0.73969,0.742548611850515,0.73442,0.7423503296800563,0.73299,0.7420550163138332,0.73585,0.7422013642995525,0.73731,0.7420566255519306,0.73674,0.7420385878600145,0.73818,0.7421099824228522,0.73596,0.742035773745164,0.73766,0.7420765484881203,0.73952,0.7423178463382728,0.73378,0.7423136672119371,0.73654,0.7425147781728528,0.73949,0.742611091522639,0.738,0.7424103631897824
152,0.73442,0.739823601584821,0.73299,0.7396273080063378,0.73585,0.7393483066968014,0.73731,0.7394866211958555,0.73674,0.7393820107369078,0.73818,0.7393832208705402,0.73596,0.7394980587138247,0.73766,0.7394500783026428,0.73952,0.739509110991666,0.73378,0.7397291744397347,0.73654,0.7397417396383656,0.73949,0.7399722875230776,0.738,0.7400678169029828,0.74049,0.7398878409254661
153,0.73299,0.7345428645123774,0.73585,0.7343416126889223,0.73731,0.7340470969422767,0.73674,0.7341842353700939,0.73818,0.7340653325438778,0.73596,0.7340468926352058,0.73766,0.7341547634216566,0.73952,0.7341049343788199,0.73378,0.7341452523335191,0.73654,0.7343528533467633,0.73949,0.7343634615247082,0.738,0.7345913295578156,0.74049,0.7346925458189161,0.73518,0.7345104450580492
154,0.73585,0.7331276753061777,0.73731,0.7329380307014892,0.73674,0.732658457385269,0.73818,0.73280012151693,0.73596,0.732686979597502,0.73766,0.7326803707437923,0.73952,0.732795214902608,0.73378,0.7327376899120557,0.73654,0.7327980528025639,0.73949,0.7330116203775381,0.738,0.7330282388284379,0.74049,0.733267015239135,0.73518,0.7333622098595063,0.73309,0.7331858331235983
155,0.73731,0.7359640293679782,0.73674,0.7357834664826165,0.73818,0.7354771936906851,0.73596,0.7356245972432313,0.73766,0.735505495332263,0.73952,0.7354811692029849,0.73378,0.7355285888743034,0.73654,0.7354085516535357,0.73949,0.7354357283138321,0.738,0.7356452810444986,0.74049,0.7356653948963591,0.73518,0.735919987405368,0.73309,0.7360029568380647,0.73478,0.7358071705830022
156,0.73674,0.7374085076112556,0.73818,0.7372117974114395,0.73596,0.736918047939546,0.73766,0.7370730092475447,0.73952,0.7369614395606937,0.73378,0.7369341468234075,0.73654,0.7370082937500434,0.73949,0.7369290939837106,0.738,0.7369679261078296,0.74049,0.7371865714281035,0.73518,0.7372057421412342,0.73309,0.7374461627873848,0.73478,0.7375281527015637,0.73745,0.737353605650717
157,0.73818,0.7368517504725698,0.73596,0.7366585414926614,0.73766,0.7363753201859164,0.73952,0.7365270650113327,0.73378,0.7364138457775791,0.73654,0.7363927121238614,0.73949,0.7364881103837344,0.738,0.7364328074415336,0.74049,0.7364880319525493,0.73518,0.7366993681368423,0.73309,0.736712200385855,0.73478,0.7369526773770214,0.73745,0.7370435317358808,0.73373,0.7368721700847256
158,0.73596,0.7383025686573889,0.73766,0.7381187839925475,0.73952,0.7378338825507741,0.73378,0.7379804273511469,0.73654,0.7378631963071599,0.73949,0.7378429438937816,0.738,0.7379312530644598,0.74049,0.737846699408408,0.73518,0.7378952362957422,0.73309,0.7381075818154273,0.73478,0.7381225444020744,0.73745,0.738362365261935,0.73373,0.7384522565241128,0.73745,0.7382710900689632
159,0.73766,0.736089373249365,0.73952,0.7358956832267949,0.73378,0.7356121567081799,0.73654,0.7357590612901048,0.73949,0.735637056184737,0.738,0.7356154793833638,0.74049,0.7357249226643261,0.73518,0.735664120811657,0.73309,0.7357172998727264,0.73478,0.7359293202298658,0.73745,0.7359406888818056,0.73373,0.7361757427525162,0.73745,0.7362747690522382,0.73381,0.7361010089980708
160,0.73952,0.7377897464186791,0.73378,0.7376075635559065,0.73654,0.7373278288007388,0.73949,0.7374729276937106,0.738,0.7373485262080468,0.74049,0.737331315690648,0.73518,0.7374213249397545,0.73309,0.7373323635667877,0.73478,0.737382796077549,0.73745,0.7375947029879573,0.73373,0.7376062747700818,0.73745,0.7378438043581301,0.73381,0.7379382016208584,0.72551,0.7377527797927943
161,0.73378,0.7396364090717793,0.73654,0.7394449198663164,0.73949,0.7391570030639809,0.738,0.7393040572104905,0.74049,0.7391914271546807,0.73518,0.7391674926319933,0.73309,0.7392524198429851,0.73478,0.7391693729868234,0.73745,0.739208192985559,0.73373,0.7394178733074181,0.73745,0.7394363345801207,0.73381,0.7396783926514285,0.72551,0.7397663973814883,0.72366,0.7395875348292134
162,0.73654,0.7338816346504912,0.73949,0.7336872905193316,0.738,0.7333986152711743,0.74049,0.7335466767303599,0.73518,0.7334036395818414,0.73309,0.7333848964931106,0.73478,0.7334660135033785,0.73745,0.7334096264434932,0.73373,0.7334634207049687,0.73745,0.7336885298113641,0.73381,0.7336827706166998,0.72551,0.7338990185525957,0.72366,0.7339999177420152,0.71498,0.7338084540606117
163,0.73949,0.7366717360292887,0.738,0.7364921241261391,0.74049,0.7362113087748503,0.73518,0.7363564230783004,0.73309,0.7362254226483265,0.73478,0.7362279723278198,0.73745,0.7363085314904174,0.73373,0.7361983437989557,0.73745,0.7362632965636158,0.73381,0.736489438244812,0.72551,0.7365040842618191,0.72366,0.7367282848339392,0.71498,0.7368171470574316,0.71424,0.7366175996124957
164,0.738,0.7395949130223691,0.74049,0.7394041188600333,0.73518,0.739100284648952,0.73309,0.7392514360036095,0.73478,0.7391422821529652,0.73745,0.7391158170958754,0.73373,0.7391798464323749,0.73745,0.7390741220388684,0.73381,0.7390988401694578,0.72551,0.7393074795782688,0.72366,0.7393331476706173,0.71498,0.7395797733843885,0.71424,0.7396607375413389,0.72117,0.7394769778912398
165,0.74049,0.7381106825220631,0.73518,0.7379175998673309,0.73309,0.7376390869200695,0.73478,0.7377907433280488,0.73745,0.7376707596656051,0.73373,0.7376487331482058,0.73745,0.7377452498828352,0.73381,0.7376862729167333,0.72551,0.7377425489527814,0.72366,0.7379608845209877,0.71498,0.7379683340788579,0.71424,0.7382022583571488,0.72117,0.7382953612997771,0.72569,0.7381198903187287
166,0.73518,0.7406114749354403,0.73309,0.7404316881910292,0.73478,0.7401444686873676,0.73745,0.7402901431085868,0.73373,0.7401687832715199,0.73745,0.7401510386533575,0.73381,0.7402205383458297,0.72551,0.7401156881222507,0.72366,0.7401599239072768,0.71498,0.7403729578926234,0.71424,0.7403854558859623,0.72117,0.7406264806257697,0.72569,0.74071398814599,0.72735,0.7405199949342661
167,0.73309,0.7352899415021599,0.73478,0.7350905133101693,0.73745,0.7347970349404565,0.73373,0.7349418685520137,0.73745,0.7348017368679935,0.73381,0.7347831145456072,0.72551,0.7348714257390017,0.72366,0.7348077151403773,0.71498,0.7348543528608931,0.71424,0.7350819273091107,0.72117,0.7350805167127279,0.72569,0.7352936204308522,0.72735,0.7353962338431617,0.72374,0.7352049922385364
168,0.73478,0.7332274757121084,0.73745,0.7330356072837347,0.73373,0.7327559308817471,0.73745,0.73289546264851,0.73381,0.7327878833078174,0.72551,0.7327861066227641,0.72366,0.7329010955513084,0.71498,0.732847972467819,0.71424,0.7329071158205196,0.72117,0.733123297559753,0.72569,0.7331397394067907,0.72735,0.7333757682558215,0.72374,0.7334711548887143,0.73138,0.7332933185957089
169,0.73745,0.7349047720065294,0.73373,0.7347157352789957,0.73745,0.7344151299341768,0.73381,0.7345625496684527,0.72551,0.7344447504158318,0.72366,0.7344219260332914,0.71498,0.7345033328303991,0.71424,0.734406387236276,0.72117,0.7344461675522773,0.72569,0.7346485114387626,0.72735,0.7346719238787494,0.72374,0.7349230947668268,0.73138,0.7350151747316425,0.72955,0.7348352467608941
170,0.73373,0.7375536182002281,0.73745,0.7373699148951448,0.73381,0.7370813609226491,0.72551,0.7372297116593575,0.72366,0.7371140738172574,0.71498,0.7370909174527799,0.71424,0.7371494519206055,0.72117,0.7370471443531744,0.72569,0.7370815217686061,0.72735,0.7372991600381386,0.72374,0.7373153045167885,0.73138,0.7375595909519791,0.72955,0.7376398305108626,0.73145,0.7374456450392347
171,0.73745,0.733848681396998,0.73381,0.7336543862766889,0.72551,0.7333712210530252,0.72366,0.7335203125549783,0.71498,0.7333973418281716,0.71424,0.7333780782829167,0.72117,0.7334772046343319,0.72569,0.7334208228822576,0.72735,0.7334779761150316,0.72374,0.7336993755598855,0.73138,0.7337048835084574,0.72955,0.7339303703243645,0.73145,0.734028357479096,0.73663,0.7338527874577125
172,0.73381,0.7375709933907376,0.72551,0.7373981777413167,0.72366,0.7371033274752438,0.71498,0.7372516254176037,0.71424,0.7371176649388974,0.72117,0.737102598906323,0.72569,0.7371440550463478,0.72735,0.7370073831383809,0.72374,0.7370492667591054,0.73138,0.7372642893509794,0.72955,0.7372742982446755,0.73145,0.7375183249572831,0.73663,0.737602940400767,0.74016,0.737388471247333
173,0.72551,0.7339315012161992,0.72366,0.733737084063529,0.71498,0.7334482026438368,0.71424,0.733594675441333,0.72117,0.7334716766729857,0.72569,0.7334505228066578,0.72735,0.7335508305407589,0.72374,0.7334742125970538,0.73138,0.7335156598931521,0.72955,0.7337424278887797,0.73145,0.7337522518440042,0.73663,0.7339712910409676,0.74016,0.7340659159393058,0.74527,0.7338838227599868
174,0.72366,0.7255676926395297,0.71498,0.7253726155720558,0.71424,0.7250437546861265,0.72117,0.7252125038173888,0.72569,0.7250533663425501,0.72735,0.7250377995585638,0.72374,0.7250379063731388,0.73138,0.7249613791315214,0.72955,0.7250159477622519,0.73145,0.7252480580278943,0.73663,0.7252447285608313,0.74016,0.7254732605541748,0.74527,0.7255570932865184,0.74381,0.7253452079711523
175,0.71498,0.7237901802112721,0.71424,0.7235855537550198,0.72117,0.7232916554752411,0.72569,0.7234183713702624,0.72735,0.7233246516010514,0.72374,0.7233493560892204,0.73138,0.7234527052172599,0.72955,0.7233771638096915,0.73145,0.7234270278607984,0.73663,0.723671587406334,0.74016,0.7236985925177397,0.74527,0.7239116419135645,0.74381,0.7239973192394065,0.73874,0.7238132417609269
176,0.71424,0.7150310252284584,0.72117,0.7148227532991627,0.72569,0.7144595344100566,0.72735,0.7146093651638552,0.72374,0.7144681160091608,0.73138,0.7144562000069385,0.72955,0.7144558871712008,0.73145,0.7143959018810648,0.73663,0.714423417091669,0.74016,0.7146516547434232,0.74527,0.7146579921393397,0.74381,0.7148931579433822,0.73874,0.7149888790884262,0.73663,0.7147848728930086
177,0.72117,0.7143570679752249,0.72569,0.7141519344574865,0.72735,0.7138528081111237,0.72374,0.7139797124825511,0.73138,0.7138829513266776,0.72955,0.7139154267995129,0.73145,0.7140041796217067,0.73663,0.7139187894488079,0.74016,0.7139760750712687,0.74527,0.7142230736924196,0.74381,0.7142549132465594,0.73874,0.7144737831756449,0.73663,0.7145605302200513,0.73698,0.7143726571946265
178,0.72569,0.7212308795562584,0.72735,0.7210558441285847,0.72374,0.7206818002152594,0.73138,0.7208416414352704,0.72955,0.7207312079110287,0.73145,0.7207075977887306,0.73663,0.7206149442019686,0.74016,0.7203944296590797,0.74527,0.720383333755506,0.74381,0.7205969020871797,0.73874,0.7206322203676044,0.73663,0.7209304678655989,0.73698,0.7209842957310847,0.73526,0.720725350220362
179,0.72735,0.7257202498847304,0.72374,0.7255255338502733,0.73138,0.7251794440787902,0.72955,0.7253575930196943,0.73145,0.7252487072298803,0.73663,0.7252126652536075,0.74016,0.7251812343754549,0.74527,0.7250429513230896,0.74381,0.725063086649939,0.73874,0.7253273116537142,0.73663,0.7253518870372913,0.73698,0.7256023201723705,0.73526,0.7256459357038378,0.73695,0.7254548828230012
180,0.72374,0.7274103593507549,0.73138,0.7272175184760942,0.72955,0.7269166890317807,0.73145,0.7270769905870781,0.73663,0.7269749697796885,0.74016,0.7269534723099002,0.74527,0.7269993346498028,0.74381,0.726934696322927,0.73874,0.7269829954647081,0.73663,0.7272079794973921,0.73698,0.7272225701843796,0.73526,0.7274663836677734,0.73695,0.7275465595620277,0.73197,0.72737095113814
181,0.73138,0.7238480746806111,0.72955,0.7236604992709565,0.73145,0.7233737663833402,0.73663,0.7235307890574425,0.74016,0.7234102533608187,0.74527,0.7233934283854999,0.74381,0.7234804849273153,0.73874,0.7234202429486707,0.73663,0.7234925985854737,0.73698,0.7237136915669928,0.73526,0.7237216474337422,0.73695,0.7239540517790395,0.73197,0.7240461769639317,0.73324,0.7238720720439253
182,0.72955,0.7314580036134529,0.73145,0.7312903554073372,0.73663,0.7309518286736519,0.74016,0.731103518420069,0.74527,0.7309722764574061,0.74381,0.7309557445540221,0.73874,0.730858481386177,0.73663,0.7306071714399976,0.73698,0.7305910452913039,0.73526,0.7308153572874388,0.73695,0.7308288219172127,0.73197,0.7311008095819588,0.73324,0.7311467878897119,0.72941,0.7308637740059666
183,0.73145,0.7296068318646401,0.73663,0.7294101686675102,0.74016,0.7290984055834823,0.74527,0.7292598417807138,0.74381,0.7291518124729744,0.73874,0.7291241897764674,0.73663,0.7291622098855267,0.73698,0.7290382682258322,0.73526,0.7290623807566415,0.73695,0.7293185793605342,0.73197,0.7293435314440838,0.73324,0.7295535869434214,0.72941,0.7296091133702983,0.72704,0.7294144769202656
184,0.73663,0.7315512642678689,0.74016,0.731361727536528,0.74527,0.7310787242465769,0.74381,0.7312287424726994,0.73874,0.7311123732149601,0.73663,0.7310997124029702,0.73698,0.7311791490453791,0.73526,0.7310945597662387,0.73695,0.7311585001687083,0.73197,0.7313756002938637,0.73324,0.7313807391221919,0.72941,0.7316256983506312,0.72704,0.7317200316940718,0.7253,0.7315224430387891
185,0.74016,0.7367226196225919,0.74527,0.7365402697620401,0.74381,0.7362096868315665,0.73874,0.7363608485471876,0.73663,0.7362497808795841,0.73698,0.7362260691921937,0.73526,0.7362191407370436,0.73695,0.7360576708084726,0.73197,0.7360632899227629,0.73324,0.7362842186859188,0.72941,0.7363048984726764,0.72704,0.7365687242883131,0.7253,0.7366384632433755,0.72342,0.7364163994453837
186,0.74527,0.7402276470153849,0.74381,0.7400391956677451,0.73874,0.7397351752503566,0.73663,0.7398901410985529,0.73698,0.7397817383741169,0.73526,0.7397553577017645,0.73695,0.7397849843006808,0.73197,0.7396753713880427,0.73324,0.7397025637116569,0.72941,0.7399387678967143,0.72704,0.739957476513777,0.7253,0.7401964012230421,0.72342,0.740263820100776,0.72393,0.7400666217860673
187,0.74381,0.7453402460165485,0.73874,0.7451643601749488,0.73663,0.7448586682372657,0.73698,0.7450100027568801,0.73526,0.7449044716419116,0.73695,0.7448796998384019,0.73197,0.7448794142887841,0.73324,0.7447350732159016,0.72941,0.7447526494593099,0.72704,0.7449748720478006,0.7253,0.7449887386424002,0.72342,0.7452450643136167,0.72393,0.7453067897399656,0.72947,0.7450891162256944
188,0.73874,0.7439113789660646,0.73663,0.7437113002015999,0.73698,0.7434134901632811,0.73526,0.7435655247755372,0.73695,0.7434507636281219,0.73197,0.7434290059300716,0.73324,0.7435150773872615,0.72941,0.7434448229160503,0.72704,0.7434929692045139,0.7253,0.7437231669119378,0.72342,0.7437329822769848,0.72393,0.743960638332343,0.72947,0.7440521230510663,0.72568,0.7438748132754577
189,0.73663,0.7388548183873738,0.73698,0.7386600697566266,0.73526,0.7383825739591359,0.73695,0.7385310580932511,0.73197,0.7384049057502509,0.73324,0.7383928315896284,0.72941,0.7384906022191373,0.72704,0.7384480482098681,0.7253,0.7385117427868337,0.72342,0.738724304577083,0.72393,0.738726195094948,0.72947,0.7389551545653532,0.72568,0.7390576585836399,0.7286,0.7388764936418895
190,0.73698,0.736769245268656,0.73526,0.7365789935435122,0.73695,0.7362893311807374,0.73197,0.7364296203892399,0.73324,0.73632126364158,0.72941,0.7363109469084838,0.72704,0.7364231829711888,0.7253,0.7363618649548106,0.72342,0.7364158047427144,0.72393,0.7366289739008015,0.72947,0.7366493866362679,0.72568,0.7368878666826594,0.7286,0.7369820133177517,0.72406,0.7368091726535885
191,0.73526,0.7371138678848697,0.73695,0.7369211846656585,0.73197,0.7366327155599324,0.73324,0.7367774602447357,0.72941,0.7366600750814145,0.72704,0.7366382941403176,0.7253,0.7367480931501236,0.72342,0.7366792360847798,0.72393,0.7367258806265058,0.72947,0.7369295686151931,0.72568,0.736947804778862,0.7286,0.7371932920672011,0.72406,0.7372906865078734,0.71795,0.7371182730733894
192,0.73695,0.735392468456286,0.73197,0.7352028230948979,0.73324,0.7349219749144884,0.72941,0.7350698135401961,0.72704,0.7349471048060712,0.7253,0.7349257756018976,0.72342,0.7350365877305938,0.72393,0.7349765536806279,0.72947,0.7350331371913688,0.72568,0.7352434792033653,0.7286,0.7352563210530041,0.72406,0.7354956037684877,0.71795,0.735593942861289,0.72279,0.7354222641384529
193,0.73197,0.7370776423572563,0.73324,0.736895117146126,0.72941,0.7366115464187926,0.72704,0.736756085950695,0.7253,0.7366342208129237,0.72342,0.736614663690055,0.72393,0.7366979921403283,0.72947,0.7366079779799504,0.72568,0.7366530934900977,0.7286,0.736865533742751,0.72406,0.7368781305226759,0.71795,0.73711836724717,0.72279,0.7372106104189908,0.72667,0.7370251168354327
194,0.73324,0.7320879504833999,0.72941,0.731891234229987,0.72704,0.7316028808410908,0.7253,0.7317481512865913,0.72342,0.731611481153958,0.72393,0.731592351513608,0.72947,0.7316868440258975,0.72568,0.7316262329233711,0.7286,0.7316772015557933,0.72406,0.7318992144366336,0.71795,0.7319008992980787,0.72279,0.7321193675215443,0.72667,0.7322223740538436,0.72893,0.7320362357185775
195,0.72941,0.7333783463386446,0.72704,0.733194805476591,0.7253,0.7329125661912933,0.72342,0.7330595778898662,0.72393,0.7329334199880343,0.72947,0.7329253745706176,0.72568,0.7330267409056198,0.7286,0.7329423254491069,0.72406,0.7330049391898449,0.71795,0.7332233460187801,0.72279,0.7332375860282575,0.72667,0.7334702609664184,0.72893,0.7335638176668674,0.72883,0.7333781601123285
196,0.72704,0.7295469208912365,0.7253,0.7293534981727973,0.72342,0.72906780947241,0.72393,0.7292117992329551,0.72947,0.7290890094010066,0.72568,0.7290683022184495,0.7286,0.7291828495181946,0.72406,0.7291184585302218,0.71795,0.7291669241677411,0.72279,0.729377260111589,0.72667,0.7293896234433234,0.72893,0.7296230553139068,0.72883,0.7297242639934595,0.72697,0.7295486661779179
197,0.7253,0.7271790620891471,0.72342,0.7269889225447178,0.72393,0.7267117246249318,0.72947,0.7268523968543951,0.72568,0.7267347072504554,0.7286,0.7267225648740924,0.72406,0.726838425949848,0.71795,0.7267873281000566,0.72279,0.726845833260325,0.72667,0.7270580461393029,0.72893,0.7270700365609292,0.72883,0.727306911531071,0.72697,0.727408912016711,0.7314,0.7272339839676197
198,0.72342,0.7254396121078869,0.72393,0.7252470478796865,0.72947,0.7249583468455355,0.72568,0.725101140569616,0.7286,0.7249861538020311,0.72406,0.7249675486599997,0.71795,0.7250820168773614,0.72279,0.725024186180174,0.72667,0.7250753389961871,0.72893,0.7252812480145919,0.72883,0.7252991961576597,0.72697,0.7255423739697405,0.7314,0.7256419093536649,0.73106,0.7254730105268506
199,0.72393,0.7235577435110043,0.72947,0.7233682952116522,0.72568,0.7230873583518713,0.7286,0.7232318988878559,0.72406,0.7231106398519058,0.71795,0.7230912333067989,0.72279,0.7232064028755429,0.72667,0.7231497427016746,0.72893,0.7232050104136887,0.72883,0.7234141733130981,0.72697,0.7234266998563852,0.7314,0.7236660947525833,0.73106,0.7237668714076007,0.73485,0.7235956065266818
200,0.72947,0.7240672326660202,0.72568,0.7238790688351215,0.7286,0.7235959920288948,0.72406,0.7237401652163313,0.71795,0.7236202042912552,0.72279,0.7235999816892942,0.72667,0.7237069464807788,0.72893,0.7236378877986496,0.72883,0.723688689178634,0.72697,0.7238975577364541,0.7314,0.7239119627264514,0.73106,0.7241529682577308,0.73485,0.7242510615250282,0.73518,0.7240781273939134
201,0.72568,0.729558669701654,0.7286,0.7293863020038395,0.72406,0.7290627419440704,0.71795,0.729211448154964,0.72279,0.7290929303651489,0.72667,0.7290661115982936,0.72893,0.7290294905467442,0.72883,0.7288501148648344,0.72697,0.7288471873625973,0.7314,0.7290641861773189,0.73106,0.7290802146917564,0.73485,0.7293518274118548,0.73518,0.7294118957133912,0.73803,0.7291708251204988
202,0.7286,0.7257691906674951,0.72406,0.7255725582913216,0.71795,0.7252737500207219,0.72279,0.7254251426606858,0.72667,0.7253037499726703,0.72893,0.7252852079932269,0.72883,0.7253528385867755,0.72697,0.7252686282831634,0.7314,0.7253075725843589,0.73106,0.7255529057388118,0.73485,0.7255672723263048,0.73518,0.7257801943928713,0.73803,0.7258658616124082,0.74169,0.7256770434255374
203,0.72406,0.7287228192850249,0.71795,0.7285390914745163,0.72279,0.7282538812993095,0.72667,0.7283981131018605,0.72893,0.7282670330874622,0.72883,0.7282579467560878,0.72697,0.7283354427987375,0.7314,0.7282226485245643,0.73106,0.728279046338315,0.73485,0.7284961717255952,0.73518,0.7285028608094705,0.73803,0.7287364114236822,0.74169,0.7288327123970645,0.7421,0.7286260175024778
204,0.71795,0.7241860916033062,0.72279,0.7239911479332392,0.72667,0.7236987595019769,0.72893,0.7238458768037986,0.72883,0.7237165676119645,0.72697,0.7236983990473987,0.7314,0.723798927854196,0.73106,0.7237215916279552,0.73485,0.7237691217082926,0.73518,0.7239914968881663,0.73803,0.7240001040840894,0.74169,0.7242224810392969,0.7421,0.7243205652116472,0.74123,0.7241364432625147
205,0.72279,0.7180671637341031,0.72667,0.7178752394700306,0.72893,0.7175946472287061,0.72883,0.717737054148328,0.72697,0.7176015355815063,0.7314,0.7175913957023833,0.73106,0.7176888972669796,0.73485,0.7176424175948152,0.73518,0.717699641571725,0.73803,0.717923483380927,0.74169,0.7179197350215228,0.7421,0.7181361451530658,0.74123,0.7182414912186043,0.74728,0.7180523885417908
206,0.72667,0.7229041597313108,0.72893,0.7227370287002624,0.72883,0.7224442784501799,0.72697,0.7225935566677573,0.7314,0.7224589976687776,0.73106,0.7224592644102723,0.73485,0.722484943618465,0.73518,0.7223284920633797,0.73803,0.7223833605908931,0.74169,0.7226015491265481,0.7421,0.7226222627683365,0.74123,0.7228638258999036,0.74728,0.7229461831626305,0.75158,0.7227312397768311
207,0.72893,0.7267546558687045,0.72883,0.7265640991936252,0.72697,0.7262544346121885,0.7314,0.7264100505380938,0.73106,0.7263055456823949,0.73485,0.7262771670593665,0.73518,0.7263147442772478,0.73803,0.7261886134128744,0.74169,0.7262028918257656,0.7421,0.726422853701466,0.74123,0.7264506645105812,0.74728,0.7266950055154539,0.75158,0.7267635110356295,0.74675,0.7265676451961426
208,0.72883,0.7290154360478115,0.72697,0.7288214274256094,0.7314,0.7285349102846882,0.73106,0.7286865780577133,0.73485,0.7285833394805737,0.73518,0.7285570340980118,0.73803,0.728620585927965,0.74169,0.728543763340676,0.7421,0.7285780121571949,0.74123,0.7287946413387177,0.74728,0.7288059541549589,0.75158,0.729052024043776,0.74675,0.7291287237328649,0.74691,0.7289453971186591
209,0.72697,0.728944287067845,0.7314,0.7287472855677898,0.73106,0.7284567932510818,0.73485,0.7286072190035903,0.73518,0.7284966854349314,0.73803,0.7284737372537912,0.74169,0.7285707966802711,0.7421,0.7285068880009767,0.74123,0.72855814415014,0.74728,0.7287718436091218,0.75158,0.7287864345489489,0.74675,0.7290247844866663,0.74691,0.7291129395452863,0.74914,0.7289388144126697
210,0.7314,0.7270989232895942,0.73106,0.7269087135030702,0.73485,0.7266282796738949,0.73518,0.7267775177136343,0.73803,0.7266566497822339,0.74169,0.7266392629156314,0.7421,0.7267483181261184,0.74123,0.7266928992197051,0.74728,0.7267540592168359,0.75158,0.7269636079020699,0.74675,0.7269748969695854,0.74691,0.7272150791243973,0.74914,0.7273130109454712,0.75002,0.7271410138849376
211,0.73106,0.7315052371735569,0.73485,0.7313331658400479,0.73518,0.7310206425348647,0.73803,0.7311685177877429,0.74169,0.7310429907550919,0.7421,0.7310197823456897,0.74123,0.7310184364274541,0.74728,0.7308573677097379,0.75158,0.7308701815151075,0.74675,0.7310875026984072,0.74691,0.7310996889233288,0.74914,0.7313577111441341,0.75002,0.7314289869633435,0.75231,0.7312001180640586
212,0.73485,0.7311552191257966,0.73518,0.7309618671442173,0.73803,0.7306659534823872,0.74169,0.7308226552867587,0.7421,0.7307084014554881,0.74123,0.7306803189384687,0.74728,0.7307565999907844,0.75158,0.7306708108844056,0.74675,0.7307106498155214,0.74691,0.7309414215377934,0.74914,0.7309581246262702,0.75002,0.7311857864878426,0.75231,0.731266190519748,0.75431,0.7310906907259074
213,0.73518,0.734954262457171,0.73803,0.7347781211858033,0.74169,0.7344953596904757,0.7421,0.7346401488313801,0.74123,0.7345181323536905,0.74728,0.734500503954399,0.75158,0.7345467579008924,0.74675,0.7344261459013011,0.74691,0.7344635844139644,0.74914,0.7346788199876697,0.75002,0.7346844006994557,0.75231,0.7349307517894828,0.75431,0.7350108607303751,0.75222,0.7347950964855896
214,0.73803,0.7352927178620663,0.74169,0.7350929321731743,0.7421,0.7347920494106435,0.74123,0.7349424632887891,0.74728,0.7348353695382317,0.75158,0.7348096791032364,0.74675,0.7348990299509384,0.74691,0.7348179633630567,0.74914,0.734853390029784,0.75002,0.7350717180309945,0.75231,0.7350913566500454,0.75431,0.7353284312142565,0.75222,0.7354141343115403,0.7522,0.7352412777421338
215,0.74169,0.7381377588676707,0.7421,0.7379590999548975,0.74123,0.7376846316542662,0.74728,0.737829236873514,0.75158,0.7377100697772414,0.74675,0.7376906091663125,0.74691,0.7377582450640341,0.74914,0.7376567343522049,0.75002,0.7376969070351345,0.75231,0.7379089258788747,0.75431,0.7379168355105514,0.75222,0.7381600186340813,0.7522,0.7382439845164492,0.74296,0.7380418171010399
216,0.7421,0.7417854538409132,0.74123,0.7415986914613144,0.74728,0.7412926834560325,0.75158,0.741442396979602,0.74675,0.7413349053069227,0.74691,0.7413094781324447,0.74914,0.7413424187317845,0.75002,0.7412186794455751,0.75231,0.7412410802782519,0.75431,0.7414598349998245,0.75222,0.741480137328091,0.7522,0.7417311371729569,0.74296,0.7418022950052376,0.74558,0.7416028066847333
217,0.74123,0.7421980445038294,0.74728,0.7420003883858677,0.75158,0.7417122992888558,0.74675,0.7418629034041893,0.74691,0.741753571183444,0.74914,0.7417315906482778,0.75002,0.7418181100570742,0.75231,0.7417559257069748,0.75431,0.7417998517435713,0.75222,0.7420200235743046,0.7522,0.7420338795578296,0.74296,0.7422675782232269,0.74558,0.7423556059453127,0.74034,0.7421804616256573
218,0.74728,0.7413507119348692,0.75158,0.7411545179060381,0.74675,0.7408664429534879,0.74691,0.7410177537243767,0.74914,0.7409037224792014,0.75002,0.74088559181328,0.75231,0.7409864889799833,0.75431,0.7409350174624747,0.75222,0.7409953037989949,0.7522,0.7412034366410849,0.74296,0.741217257506291,0.74558,0.7414619686536794,0.74034,0.741557926783939,0.74021,0.7413897912196303
219,0.75158,0.7473626725736261,0.74675,0.7471971347444645,0.74691,0.746864814082482,0.74914,0.7470149596378627,0.75002,0.7468944936740166,0.75231,0.7468690937843797,0.75431,0.7468085612585577,0.75222,0.7466067510926672,0.7522,0.7465971857377093,0.74296,0.7468187160624887,0.74558,0.746833640499471,0.74034,0.7471083026898208,0.74021,0.7471607465408391,0.74223,0.746901707024744
220,0.74675,0.7516303925948579,0.74691,0.7514394789321942,0.74914,0.7511147301846778,0.75002,0.751283483099438,0.75231,0.751178677339236,0.75431,0.7511465514252323,0.75222,0.7511452307719638,0.7522,0.7510067142777744,0.74296,0.7510281247252907,0.74558,0.7512773178625695,0.74034,0.7513049760712066,0.74021,0.7515461781697569,0.74223,0.751593209264921,0.73762,0.751394811625015
221,0.74691,0.7468368246061146,0.74914,0.7466461769815651,0.75002,0.7463618690251024,0.75231,0.7465255128788413,0.75431,0.7463975917359931,0.75222,0.7463805403874431,0.7522,0.7464473716006323,0.74296,0.7463892301472952,0.74558,0.7464571000034339,0.74034,0.7466807265607058,0.74021,0.7466771297908763,0.74223,0.7469110080851151,0.73762,0.7470058042813235,0.73285,0.7468262537727042
222,0.74914,0.7470421670570178,0.75002,0.746859042321532,0.75231,0.7465667501366371,0.75431,0.7467097608879814,0.75222,0.7465970305330958,0.7522,0.7465903231460944,0.74296,0.7466866228534601,0.74558,0.7466078503168065,0.74034,0.746670364762551,0.74021,0.7468916340987308,0.74223,0.7469129609200282,0.73762,0.7471517628547846,0.73285,0.7472444107735756,0.72919,0.74706274204452
223,0.75002,0.7492542448745668,0.75231,0.7490654873255268,0.75431,0.7487638577296026,0.75222,0.7489127084555663,0.7522,0.7487959256105684,0.74296,0.7487692948144401,0.74558,0.7488400564926566,0.74034,0.7487394085784332,0.74021,0.7487709957368794,0.74223,0.7489800729837158,0.73762,0.7490007292727684,0.73285,0.7492506070776587,0.72919,0.7493394523699978,0.73346,0.7491565322780959
224,0.75231,0.7501262247829396,0.75431,0.7499309031414264,0.75222,0.7496440105901961,0.7522,0.7497957261080551,0.74296,0.7496829474990186,0.74558,0.74965858044066,0.74034,0.7497454303088994,0.74021,0.7496787303612614,0.74223,0.7497242235809204,0.73762,0.7499394447482296,0.73285,0.7499564975028584,0.72919,0.750196909563379,0.73346,0.7502836404406076,0.7344,0.7501100269242266
225,0.75431,0.7524196610649256,0.75222,0.7522377487804648,0.7522,0.7519513635381032,0.74296,0.7520991256061849,0.74558,0.751986271705539,0.74034,0.7519632260011009,0.74021,0.7520315693183535,0.74223,0.7519358187566128,0.73762,0.7519754525384656,0.73285,0.7521868642617506,0.72919,0.7522009617779646,0.73346,0.7524463148976452,0.7344,0.7525281992012993,0.73003,0.7523389628796964
226,0.75222,0.7544162768278644,0.7522,0.7542245546898945,0.74296,0.7539367154492671,0.74558,0.7540848605383095,0.74034,0.7539751159890462,0.74021,0.7539524891778588,0.74223,0.7540304425144446,0.73762,0.7539476058679744,0.73285,0.7539876678908646,0.72919,0.7542014292536938,0.73346,0.7542194193372003,0.7344,0.7544603162384325,0.73003,0.7545443798951188,0.72638,0.7543631454679731
227,0.7522,0.7523447434556717,0.74296,0.7521517494803108,0.74558,0.7518706635507103,0.74034,0.752018864722834,0.74021,0.7518982395901391,0.74223,0.7518782201183628,0.73762,0.7519860461867781,0.73285,0.7519293536749162,0.72919,0.7519865910395881,0.73346,0.7522006485047884,0.7344,0.7522084959852352,0.73003,0.7524416332668468,0.72638,0.7525397371424903,0.7275,0.7523651431035093
228,0.74296,0.7523363160554319,0.74558,0.7521462280538864,0.74034,0.7518621714672074,0.74021,0.7520074055329198,0.74223,0.7518897896999144,0.73762,0.7518747923878502,0.73285,0.7519844456165694,0.72919,0.7519248130248408,0.73346,0.7519832092931276,0.7344,0.7521922370197964,0.73003,0.7522078431030488,0.72638,0.7524507980816517,0.7275,0.7525488974098218,0.72329,0.7523772424357114
229,0.74558,0.742978474411263,0.74034,0.742782616648089,0.74021,0.7424028381160105,0.74223,0.7425800648874946,0.73762,0.7424059192948852,0.73285,0.7423926495980203,0.72919,0.7423128684899502,0.73346,0.7422124537701683,0.7344,0.7422533606517908,0.73003,0.7425090400433482,0.72638,0.7425120328695874,0.7275,0.7427472459091468,0.72329,0.7428110377511138,0.72254,0.7425765332588589
230,0.74034,0.7456986791196233,0.74021,0.745487812991296,0.74223,0.7451769980809605,0.73762,0.7453020674558776,0.73285,0.7452036405859236,0.72919,0.7452550788959617,0.73346,0.745323796131952,0.7344,0.7451869125081704,0.73003,0.7452402813080244,0.72638,0.7455178216925834,0.7275,0.7455509848743805,0.72329,0.7457430704464333,0.72254,0.7458208901309537,0.72248,0.7456172755421268
231,0.74021,0.740447881402073,0.74223,0.74025570146085,0.73762,0.7399348712821701,0.73285,0.7400795429454627,0.72919,0.7399632492267154,0.73346,0.7399547434831073,0.7344,0.7400237745093217,0.73003,0.7399237713613582,0.72638,0.7399672403550392,0.7275,0.7401723287763924,0.72329,0.7402018414301745,0.72254,0.7404407388545986,0.72248,0.7405350956921064,0.71953,0.7403412179498299
232,0.74223,0.7403286344015878,0.73762,0.7401404013472284,0.73285,0.7398504802805046,0.72919,0.7399938038107148,0.73346,0.7398759244643525,0.7344,0.7398725338562808,0.73003,0.7399649377176256,0.72638,0.7398918705067199,0.7275,0.7399576519592965,0.72329,0.7401850025699541,0.72254,0.7402041568594295,0.72248,0.7404460042190049,0.71953,0.7405450567922098,0.71872,0.7403648476202516
233,0.73762,0.7423480861509055,0.73285,0.7421609036138583,0.72919,0.74185541100831,0.73346,0.7420035621509491,0.7344,0.7418866848130896,0.73003,0.7418639064127823,0.72638,0.7419346165481151,0.7275,0.7418385905986546,0.72329,0.7418765447693481,0.72254,0.7420878400191036,0.72248,0.7421071731843589,0.71953,0.742355701095385,0.71872,0.7424480688243242,0.71229,0.7422684852100978
234,0.73285,0.7377372526608571,0.72919,0.7375457831732394,0.73346,0.737267363445547,0.7344,0.7374183566499898,0.73003,0.7372817319920916,0.72638,0.7372633042106219,0.7275,0.7373591074648477,0.72329,0.7372986590709235,0.72254,0.7373612162192632,0.72248,0.7375830340607837,0.71953,0.7375852772769423,0.71872,0.7378069978389096,0.71229,0.7379082062710797,0.71388,0.7377256722269369
235,0.72919,0.7329850179372821,0.73346,0.7327935307545355,0.7344,0.732516122123017,0.73003,0.7326541415383341,0.72638,0.7325366265137214,0.7275,0.7325297640001205,0.72329,0.7326414864238737,0.72254,0.7325949115021482,0.72248,0.7326527696260579,0.71953,0.7328699180053642,0.71872,0.7328782758369394,0.71229,0.7331003791724848,0.71388,0.7332012568832775,0.71244,0.7330192768887551
236,0.73346,0.7293339536281396,0.7344,0.7291396708915103,0.73003,0.7288553854032047,0.72638,0.7289896471647639,0.7275,0.7288782490304415,0.72329,0.72886691765778,0.72254,0.7289889979383419,0.72248,0.728935879402326,0.71953,0.7289844564602221,0.71872,0.7291936524506868,0.71229,0.7292076693711183,0.71388,0.7294397311206753,0.71244,0.7295409549633236,0.71026,0.7293628981069391
237,0.7344,0.7335702383685065,0.73003,0.7333988734286185,0.72638,0.7330915443131607,0.7275,0.7332428207269777,0.72329,0.733110613652193,0.72254,0.733091018125001,0.72248,0.7331059387721188,0.71953,0.7329530536149695,0.71872,0.7329824268068341,0.71229,0.7331960805436983,0.71388,0.7332109226168404,0.71244,0.7334679375249697,0.71026,0.7335447536875881,0.70909,0.7333260339633716
238,0.73003,0.7344941562320805,0.72638,0.7342996071954025,0.7275,0.7340023706771667,0.72329,0.7341574024746428,0.72254,0.7340497341999203,0.72248,0.7340212383484818,0.71953,0.7340940138953506,0.71872,0.7340052129572491,0.71229,0.7340365760125628,0.71388,0.7342620926307922,0.71244,0.7342837243983872,0.71026,0.7345170185787487,0.70909,0.7345940133661265,0.70046,0.7344188933045138
239,0.72638,0.7301391105368686,0.7275,0.7299463987667998,0.72329,0.7296724880664562,0.72254,0.7298258675376139,0.72248,0.7297002556090895,0.71953,0.7296838348714239,0.71872,0.7297749436486931,0.71229,0.729725581751439,0.71388,0.7297925403011625,0.71244,0.730005547001668,0.71026,0.7300073020995235,0.70909,0.7302411134549522,0.70046,0.730338440185563,0.70491,0.7301578778095184
240,0.7275,0.7265179774621455,0.72329,0.726329685545289,0.72254,0.7260454392307392,0.72248,0.7261858638593648,0.71953,0.7260728944965475,0.71872,0.7260625444140996,0.71229,0.7261741195433669,0.71388,0.7261158219516173,0.71244,0.726172855935084,0.71026,0.72638913266922,0.70909,0.7264037551903411,0.70046,0.7266339554297983,0.70491,0.7267297778852762,0.71162,0.7265523539207888
241,0.72329,0.7276341319002677,0.72254,0.72744642965612,0.72248,0.727158159154933,0.71953,0.7273055268370081,0.71872,0.7271827920840588,0.71229,0.7271646558593057,0.71388,0.7272626351778309,0.71244,0.7271789882807207,0.71026,0.7272304478110891,0.70909,0.7274354445262725,0.70046,0.7274531635166932,0.70491,0.7276984365426324,0.71162,0.7277944459611172,0.71667,0.727616592991617
242,0.72254,0.723421756751216,0.72248,0.7232316010396089,0.71953,0.7229527348882612,0.71872,0.7230994454349484,0.71229,0.7229698982465407,0.71388,0.7229508944238687,0.71244,0.7230600529675058,0.71026,0.7229963287264609,0.70909,0.7230531002079288,0.70046,0.7232673484196339,0.70491,0.7232766786974962,0.71162,0.723505509325244,0.71667,0.7236058741610605,0.71441,0.7234259479510938
243,0.72248,0.7226786515359627,0.71953,0.7224891751950699,0.71872,0.7222062396297324,0.71229,0.7223491139423195,0.71388,0.7222342653742735,0.71244,0.7222225383532268,0.71026,0.7223326665637351,0.70909,0.7222724503528943,0.70046,0.7223304721931263,0.70491,0.7225420723928173,0.71162,0.7225596327200683,0.71667,0.7228008075337775,0.71441,0.722898055691322,0.71723,0.7227247024068411
244,0.71953,0.7226162657640129,0.71872,0.7224233586926898,0.71229,0.7221346460461104,0.71388,0.7222784157525934,0.71244,0.7221640239764424,0.71026,0.722142194526536,0.70909,0.7222549725243921,0.70046,0.7221927624101268,0.70491,0.7222397116471297,0.71162,0.7224455244191672,0.71667,0.7224631660989003,0.71441,0.7227073032168887,0.71723,0.7228056789441366,0.7132,0.7226371366101416
245,0.71872,0.7196669815290673,0.71229,0.7194789983456442,0.71388,0.719202811551136,0.71244,0.7193481032133289,0.71026,0.7192216029776912,0.70909,0.7192024900120171,0.70046,0.719317184606248,0.70491,0.7192615961700224,0.71162,0.7193217488544772,0.71667,0.7195330718983908,0.71441,0.719541375410395,0.71723,0.7197763638556947,0.7132,0.7198789562986943,0.70991,0.7197044640794641
246,0.71229,0.7188596159059368,0.71388,0.7186696969248867,0.71244,0.7183854187707464,0.71026,0.7185287150161155,0.70909,0.7184116966993013,0.70046,0.718396501815884,0.70491,0.7185081898825654,0.71162,0.7184524564255905,0.71667,0.718509040187352,0.71441,0.7187183860043358,0.71723,0.7187349289107867,0.7132,0.7189768530753706,0.70991,0.7190766822915673,0.71691,0.7189070808546301
247,0.71388,0.7123877345043793,0.71244,0.7121931528859632,0.71026,0.7118882300169999,0.70909,0.7120426094666682,0.70046,0.7118938945391774,0.70491,0.7118718654952018,0.71162,0.7119347687681211,0.71667,0.7118743923770735,0.71441,0.7119249077573541,0.71723,0.7121482576681656,0.7132,0.7121469478788113,0.70991,0.7123711931689668,0.71691,0.7124683539058806,0.71796,0.7122788371397674
248,0.71244,0.7140149969679722,0.71026,0.7138273202478839,0.70909,0.7135458884483622,0.70046,0.7136875449984753,0.70491,0.7135657703081332,0.71162,0.7135727959205095,0.71667,0.7136697052730877,0.71441,0.7135779632473994,0.71723,0.7136424410302705,0.7132,0.7138736000663183,0.70991,0.7138923609811453,0.71691,0.7141137179926144,0.71796,0.7142009796800547,0.71237,0.714012587704229
249,0.71026,0.712569745414597,0.70909,0.7123712697036657,0.70046,0.7120687611429579,0.70491,0.7122137526573473,0.71162,0.7121043320046132,0.71667,0.712081043252268,0.71441,0.7121839676753856,0.71723,0.7121118484053417,0.7132,0.712146953198256,0.70991,0.7123477928241604,0.71691,0.7123703828899428,0.71796,0.7126156106885295,0.71237,0.7127113260200835,0.71046,0.712541981773696
250,0.70909,0.7103907249331148,0.70046,0.7102014471676573,0.70491,0.7099281756747421,0.71162,0.7100734835041128,0.71667,0.7099498500685347,0.71441,0.7099333449461317,0.71723,0.7100463538610545,0.7132,0.7099938717494131,0.70991,0.7100553056208644,0.71691,0.7102691786550911,0.71796,0.7102764276093528,0.71237,0.7105114928596611,0.71046,0.7106130807694006,0.71497,0.710438069861704
251,0.70046,0.7092273440754833,0.70491,0.7090356199147971,0.71162,0.7087475944678625,0.71667,0.7088922820509505,0.71441,0.708776663664761,0.71723,0.7087592954937316,0.7132,0.7088694075370621,0.70991,0.708814451734437,0.71691,0.7088692618978565,0.71796,0.7090766878224566,0.71237,0.7090939265269152,0.71046,0.7093372862524883,0.71497,0.7094363115408522,0.72037,0.7092694280960894
252,0.70491,0.7004951722483174,0.71162,0.7003021810523723,0.71667,0.6999385604430944,0.71441,0.700114299877875,0.71723,0.699942922568859,0.7132,0.699926668074092,0.70991,0.6998737832381966,0.71691,0.6997794323524221,0.71796,0.6998273919361754,0.71237,0.7000761318103986,0.71046,0.7000774028324276,0.71497,0.7003152745068991,0.72037,0.7003859063238241,0.72386,0.7001626583637307
253,0.71162,0.7050266890069726,0.71667,0.7048299416706688,0.71441,0.7045263644173066,0.71723,0.704661931107312,0.7132,0.7045451010122453,0.70991,0.7045879937137035,0.71691,0.7046420098009368,0.71796,0.7044867264881579,0.71237,0.7045555329128367,0.71046,0.7048263131469686,0.71497,0.7048587487002625,0.72037,0.7050517622625013,0.72386,0.7051284263285017,0.72231,0.7049167297369242
254,0.71667,0.7116634169487562,0.71441,0.7114785666180589,0.71723,0.711104876927454,0.7132,0.7112718140542321,0.70991,0.7111742214310263,0.71691,0.7111510640570097,0.71796,0.7110718402872928,0.71237,0.7108661138081126,0.71046,0.7108518933918796,0.71497,0.7110630026972623,0.72037,0.7111125254186456,0.72386,0.7114014473799736,0.72231,0.711449945610145,0.72364,0.711206808849017
255,0.71441,0.7166947565330938,0.71723,0.7164975114776334,0.7132,0.7161558385034604,0.70991,0.716323904727893,0.71691,0.7162247855942278,0.71796,0.7161948567156523,0.71237,0.7161553142834473,0.71046,0.7160277685800119,0.71497,0.716041915867414,0.72037,0.7162993953890927,0.72386,0.7163181492298699,0.72231,0.7165780011211845,0.72364,0.7166255466120001,0.72225,0.7164250249454435
256,0.71723,0.7144881953713158,0.7132,0.7142966465466563,0.70991,0.7139905445651058,0.71691,0.714149693274023,0.71796,0.7140363825814822,0.71237,0.7140185161856172,0.71046,0.7140779889900406,0.71497,0.7140118496694887,0.72037,0.7140723492424987,0.72386,0.7143073634592403,0.72231,0.7143163764098537,0.72364,0.7145457588171231,0.72225,0.7146364145932713,0.72492,0.7144608650318807
257,0.7132,0.7173457289370895,0.70991,0.7171670551086031,0.71691,0.7168726388970577,0.71796,0.7170196013228456,0.71237,0.716889002860426,0.71046,0.716878496134796,0.71497,0.7169422328977639,0.72037,0.7168308996940873,0.72386,0.7168889215343193,0.72231,0.7171113664469708,0.72364,0.7171232163953214,0.72225,0.7173615577474088,0.72492,0.7174552574422528,0.72485,0.7172543416516242
258,0.70991,0.7133259698183275,0.71691,0.7131318027839763,0.71796,0.7128417473157634,0.71237,0.7129901202877983,0.71046,0.7128629078232217,0.71497,0.7128429697039275,0.72037,0.7129457998888421,0.72386,0.7128749719048239,0.72231,0.7129248948220658,0.72364,0.7131448175385623,0.72225,0.7131536506029471,0.72492,0.7133792005741663,0.72485,0.7134790495009321,0.72662,0.713301184657069
